Order_ID,Order_Date,Customer_ID,Customer_Name,Age,Gender,City,Product,Category,Quantity,Unit_Price,Total_Amount,Year,Month
ORD100002,2025-12-02,CUST2515,Customer_470,65,Female,Kolkata,Mobile,Electronics,9,28541.36,256872.24,2025,December
ORD100002,2025-10-14,CUST1758,Customer_335,61,Male,Patna,Mobile,Electronics,6,49997.53,299985.18,2025,October
ORD100002,2025-12-05,CUST9622,Customer_224,35,Male,Kolkata,Laptop,Electronics,3,9488.83,28466.49,2025,December
ORD100012,2025-11-21,CUST9770,Customer_494,41,Female,Mumbai,Book,Education,6,19488.23,116929.38,2025,November
ORD100012,2025-04-16,CUST1312,Customer_40,30,Male,Kolkata,Mobile,Electronics,8,18024.34,144194.72,2025,April
ORD100012,2025-05-05,CUST9642,Customer_162,51,Male,Delhi,Shoes,Fashion,3,14151.42,42454.26,2025,May
ORD100012,2025-05-02,CUST3228,Customer_209,55,Female,Patna,Chair,Furniture,6,47175.43,283052.58,2025,May
ORD100012,2025-05-06,CUST1038,Customer_454,32,Male,Patna,Rice,Grocery,5,7413.68,37068.4,2025,May
ORD100012,2025-04-24,CUST6413,Customer_490,50,Female,Patna,Shoes,Fashion,8,12042.52,96340.16,2025,April
ORD100012,2025-03-12,CUST8660,Customer_213,42,Female,Patna,Mobile,Electronics,8,25465.31,203722.48,2025,March
ORD100012,2025-08-30,CUST9307,Customer_313,36,Female,Delhi,Shoes,Fashion,10,20111.09,201110.9,2025,August
ORD100012,2025-11-30,CUST4363,Customer_161,30,Female,Delhi,Book,Education,10,40109.12,401091.2,2025,November
ORD100012,2025-10-19,CUST3508,Customer_67,31,Male,Gaya,Shoes,Fashion,1,7280.64,7280.64,2025,October
ORD100022,2025-07-24,CUST5806,Customer_103,57,Female,Mumbai,Chair,Furniture,5,6122.59,30612.95,2025,July
ORD100022,2025-03-20,CUST6504,Customer_357,34,Male,Kolkata,Laptop,Electronics,8,23770.36,190162.88,2025,March
ORD100022,2025-03-18,CUST8908,Customer_190,65,Male,Pune,Shoes,Fashion,1,2344.98,2344.98,2025,March
ORD100022,2025-10-04,CUST2903,Customer_122,31,Female,Mumbai,Book,Education,7,15396.37,107774.59,2025,October
ORD100022,2025-11-23,CUST1406,Customer_499,52,Male,Gaya,Shoes,Fashion,10,31576.5,315765.0,2025,November
ORD100022,2025-09-14,CUST8036,Customer_173,44,Male,Patna,Laptop,Electronics,2,11127.06,22254.12,2025,September
ORD100022,2025-03-16,CUST6532,Customer_348,30,Male,Pune,Rice,Grocery,7,36069.86,252489.02,2025,March
ORD100022,2025-04-10,CUST2482,Customer_183,65,Male,Mumbai,Book,Education,9,39414.46,354730.14,2025,April
ORD100022,2025-08-01,CUST2003,Customer_48,35,Female,Mumbai,Rice,Grocery,2,23837.41,47674.82,2025,August
ORD100022,2025-08-10,CUST6149,Customer_181,32,Female,Patna,Laptop,Electronics,5,14534.79,72673.95,2025,August
ORD100032,2025-08-09,CUST3212,Customer_415,33,Male,Gaya,Rice,Grocery,2,21382.16,42764.32,2025,August
ORD100032,2025-05-13,CUST5063,Customer_50,33,Female,Mumbai,Mobile,Electronics,1,15831.03,15831.03,2025,May
ORD100032,2025-10-22,CUST9565,Customer_350,21,Female,Mumbai,Book,Education,8,21791.66,174333.28,2025,October
ORD100032,2025-12-04,CUST9325,Customer_352,44,Female,Mumbai,Laptop,Electronics,5,17556.08,87780.4,2025,December
ORD100032,2025-05-03,CUST4002,Customer_388,18,Female,Gaya,Laptop,Electronics,5,46822.84,234114.2,2025,May
ORD100032,2025-03-08,CUST8975,Customer_315,36,Female,Gaya,Mobile,Electronics,4,47896.7,191586.8,2025,March
ORD100032,2025-02-20,CUST5869,Customer_415,23,Male,Delhi,Chair,Furniture,7,40746.79,285227.53,2025,February
ORD100032,2025-10-20,CUST7249,Customer_144,29,Male,Kolkata,Rice,Grocery,4,4794.08,19176.32,2025,October
ORD100042,2025-04-21,CUST7988,Customer_383,39,Female,Mumbai,Shoes,Fashion,1,3992.85,3992.85,2025,April
ORD100042,2025-04-20,CUST6938,Customer_344,43,Female,Kolkata,Mobile,Electronics,4,29915.72,119662.88,2025,April
ORD100042,2025-09-22,CUST3006,Customer_256,58,Male,Patna,Chair,Furniture,6,16521.44,99128.64,2025,September
ORD100042,2025-05-11,CUST4943,Customer_198,34,Male,Mumbai,Rice,Grocery,2,6210.24,12420.48,2025,May
ORD100042,2025-09-02,CUST4750,Customer_78,42,Female,Delhi,Mobile,Electronics,2,47649.61,95299.22,2025,September
ORD100042,2025-10-25,CUST2705,Customer_117,55,Male,Kolkata,Mobile,Electronics,5,24854.05,124270.25,2025,October
ORD100052,2025-02-27,CUST1557,Customer_87,39,Female,Mumbai,Chair,Furniture,6,20561.97,123371.82,2025,February
ORD100052,2025-09-09,CUST2062,Customer_254,58,Male,Patna,Book,Education,10,49367.75,493677.5,2025,September
ORD100052,2025-06-08,CUST9203,Customer_70,33,Male,Delhi,Laptop,Electronics,6,4656.1,27936.6,2025,June
ORD100052,2025-07-07,CUST8053,Customer_408,58,Male,Delhi,Rice,Grocery,7,42345.82,296420.74,2025,July
ORD100052,2025-04-16,CUST1017,Customer_387,42,Female,Pune,Shoes,Fashion,7,37747.24,264230.68,2025,April
ORD100052,2025-11-16,CUST2690,Customer_11,26,Male,Delhi,Book,Education,2,33304.17,66608.34,2025,November
ORD100062,2025-01-15,CUST2411,Customer_292,47,Female,Mumbai,Mobile,Electronics,5,36809.08,184045.4,2025,January
ORD100062,2025-11-08,CUST2350,Customer_205,46,Male,Pune,Mobile,Electronics,4,25292.97,101171.88,2025,November
ORD100062,2025-07-06,CUST9745,Customer_48,27,Male,Mumbai,Shoes,Fashion,1,29263.26,29263.26,2025,July
ORD100062,2025-07-15,CUST6236,Customer_312,43,Female,Kolkata,Laptop,Electronics,3,5679.91,17039.73,2025,July
ORD100062,2025-05-16,CUST5386,Customer_125,47,Male,Gaya,Rice,Grocery,9,27164.06,244476.54,2025,May
ORD100062,2025-07-25,CUST8065,Customer_92,53,Male,Kolkata,Mobile,Electronics,10,8905.49,89054.9,2025,July
ORD100062,2025-01-30,CUST8841,Customer_407,36,Female,Patna,Book,Education,10,17406.52,174065.2,2025,January
ORD100062,2025-02-25,CUST5871,Customer_335,39,Female,Delhi,Chair,Furniture,5,27366.58,136832.9,2025,February
ORD100072,2025-08-15,CUST9017,Customer_51,26,Female,Delhi,Book,Education,8,13645.41,109163.28,2025,August
ORD100072,2025-10-21,CUST1808,Customer_150,56,Male,Patna,Chair,Furniture,8,27337.64,218701.12,2025,October
ORD100072,2025-06-19,CUST4958,Customer_160,45,Male,Gaya,Rice,Grocery,3,8572.65,25717.95,2025,June
ORD100072,2025-12-04,CUST7587,Customer_223,27,Male,Pune,Laptop,Electronics,9,45419.62,408776.58,2025,December
ORD100072,2025-12-30,CUST8430,Customer_277,45,Male,Gaya,Laptop,Electronics,2,8883.45,17766.9,2025,December
ORD100072,2025-04-14,CUST9846,Customer_298,58,Female,Patna,Book,Education,6,10784.64,64707.84,2025,April
ORD100072,2025-01-01,CUST4706,Customer_34,62,Female,Delhi,Rice,Grocery,1,35862.34,35862.34,2025,January
ORD100082,2025-08-21,CUST5607,Customer_265,61,Female,Gaya,Rice,Grocery,1,13129.64,13129.64,2025,August
ORD100082,2025-03-05,CUST8211,Customer_62,19,Female,Gaya,Chair,Furniture,9,45747.37,411726.33,2025,March
ORD100082,2025-10-24,CUST7484,Customer_478,36,Male,Gaya,Book,Education,9,24828.05,223452.45,2025,October
ORD100082,2025-03-07,CUST7911,Customer_7,59,Male,Delhi,Mobile,Electronics,8,17841.4,142731.2,2025,March
ORD100082,2025-03-17,CUST2290,Customer_195,56,Male,Mumbai,Book,Education,4,12169.49,48677.96,2025,March
ORD100082,2025-12-17,CUST1246,Customer_165,59,Female,Kolkata,Mobile,Electronics,6,349.06,2094.36,2025,December
ORD100082,2025-04-16,CUST3689,Customer_179,44,Female,Delhi,Laptop,Electronics,8,20498.74,163989.92,2025,April
ORD100092,2025-12-15,CUST7037,Customer_45,34,Male,Mumbai,Rice,Grocery,9,45000.49,405004.41,2025,December
ORD100092,2025-12-24,CUST8578,Customer_154,48,Male,Kolkata,Laptop,Electronics,2,3455.06,6910.12,2025,December
ORD100092,2025-04-28,CUST6618,Customer_311,19,Male,Pune,Shoes,Fashion,8,28874.64,230997.12,2025,April
ORD100092,2025-11-07,CUST4650,Customer_370,32,Male,Delhi,Shoes,Fashion,3,47917.49,143752.47,2025,November
ORD100092,2025-11-12,CUST7277,Customer_320,62,Female,Mumbai,Shoes,Fashion,7,41677.34,291741.38,2025,November
ORD100092,2025-02-13,CUST5232,Customer_395,54,Male,Gaya,Mobile,Electronics,2,31217.12,62434.24,2025,February
ORD100102,2025-10-05,CUST7588,Customer_67,47,Male,Pune,Rice,Grocery,4,6974.66,27898.64,2025,October
ORD100102,2025-12-19,CUST5005,Customer_176,20,Female,Kolkata,Book,Education,9,19437.88,174940.92,2025,December
ORD100102,2025-01-14,CUST3210,Customer_15,43,Female,Mumbai,Laptop,Electronics,9,13617.93,122561.37,2025,January
ORD100102,2025-12-12,CUST5926,Customer_308,54,Male,Gaya,Chair,Furniture,8,38897.58,311180.64,2025,December
ORD100102,2025-11-23,CUST3809,Customer_394,44,Female,Gaya,Book,Education,6,8547.07,51282.42,2025,November
ORD100102,2025-10-26,CUST2079,Customer_35,44,Male,Mumbai,Chair,Furniture,7,46263.01,323841.07,2025,October
ORD100102,2025-08-09,CUST4881,Customer_389,32,Male,Patna,Book,Education,2,2814.55,5629.1,2025,August
ORD100102,2025-03-20,CUST6707,Customer_420,33,Male,Pune,Mobile,Electronics,8,41112.05,328896.4,2025,March
ORD100102,2025-09-18,CUST2796,Customer_471,29,Male,Patna,Book,Education,4,36826.88,147307.52,2025,September
ORD100112,2025-09-04,CUST9882,Customer_103,28,Female,Kolkata,Laptop,Electronics,6,5533.0,33198.0,2025,September
ORD100112,2025-03-01,CUST3001,Customer_341,32,Male,Gaya,Laptop,Electronics,3,2638.97,7916.91,2025,March
ORD100112,2025-01-17,CUST5433,Customer_355,49,Male,Delhi,Book,Education,4,25002.72,100010.88,2025,January
ORD100112,2025-03-27,CUST9354,Customer_241,46,Female,Patna,Rice,Grocery,2,21391.19,42782.38,2025,March
ORD100112,2025-09-18,CUST2871,Customer_8,33,Female,Delhi,Chair,Furniture,4,36875.19,147500.76,2025,September
ORD100052,2025-01-22,CUST3194,Customer_114,34,Male,Kolkata,Book,Education,2,25795.55,51591.1,2025,January
ORD100122,2025-05-19,CUST9563,Customer_166,24,Male,Gaya,Book,Education,8,4391.72,35133.76,2025,May
ORD100122,2025-12-22,CUST2286,Customer_298,39,Female,Patna,Laptop,Electronics,2,18152.14,36304.28,2025,December
ORD100122,2025-06-13,CUST3677,Customer_459,34,Female,Patna,Shoes,Fashion,1,17041.21,17041.21,2025,June
ORD100122,2025-01-14,CUST6627,Customer_353,57,Male,Patna,Rice,Grocery,6,41494.43,248966.58,2025,January
ORD100122,2025-12-04,CUST6238,Customer_258,55,Male,Gaya,Rice,Grocery,10,25930.1,259301.0,2025,December
ORD100122,2025-03-04,CUST8352,Customer_400,44,Male,Gaya,Laptop,Electronics,8,26281.83,210254.64,2025,March
ORD100132,2025-03-09,CUST2870,Customer_495,33,Male,Patna,Mobile,Electronics,8,21833.32,174666.56,2025,March
ORD100132,2025-11-29,CUST4751,Customer_260,20,Male,Patna,Rice,Grocery,6,40577.1,243462.6,2025,November
ORD100132,2025-01-17,CUST7031,Customer_224,37,Female,Gaya,Shoes,Fashion,5,39039.96,195199.8,2025,January
ORD100132,2025-02-10,CUST2863,Customer_375,34,Female,Patna,Mobile,Electronics,7,18967.46,132772.22,2025,February
ORD100132,2025-03-10,CUST8298,Customer_489,45,Female,Delhi,Mobile,Electronics,10,42943.17,429431.7,2025,March
ORD100132,2025-03-21,CUST9577,Customer_302,46,Male,Mumbai,Laptop,Electronics,6,24216.91,145301.46,2025,March
ORD100132,2025-05-30,CUST3054,Customer_96,28,Female,Mumbai,Chair,Furniture,9,7093.9,63845.1,2025,May
ORD100132,2025-11-27,CUST6791,Customer_430,22,Female,Pune,Chair,Furniture,5,29748.17,148740.85,2025,November
ORD100142,2025-01-25,CUST4824,Customer_98,24,Male,Gaya,Laptop,Electronics,9,25138.42,226245.78,2025,January
ORD100142,2025-07-31,CUST1339,Customer_107,54,Male,Kolkata,Book,Education,6,33887.35,203324.1,2025,July
ORD100142,2025-03-05,CUST1113,Customer_104,33,Female,Gaya,Shoes,Fashion,6,30177.21,181063.26,2025,March
ORD100142,2025-06-30,CUST4034,Customer_271,32,Female,Kolkata,Mobile,Electronics,3,28572.4,85717.2,2025,June
ORD100142,2025-12-06,CUST6997,Customer_244,28,Male,Gaya,Mobile,Electronics,4,6898.4,27593.6,2025,December
ORD100142,2025-03-12,CUST2480,Customer_491,59,Female,Gaya,Shoes,Fashion,1,20740.93,20740.93,2025,March
ORD100142,2025-07-07,CUST8408,Customer_249,51,Female,Delhi,Mobile,Electronics,6,20416.04,122496.24,2025,July
ORD100152,2025-09-13,CUST4829,Customer_202,19,Female,Mumbai,Shoes,Fashion,8,41749.55,333996.4,2025,September
ORD100152,2025-02-08,CUST5188,Customer_286,53,Male,Gaya,Laptop,Electronics,9,48833.27,439499.43,2025,February
ORD100152,2025-06-26,CUST1928,Customer_17,30,Female,Mumbai,Mobile,Electronics,7,48642.53,340497.71,2025,June
ORD100152,2025-10-26,CUST3887,Customer_371,56,Female,Mumbai,Laptop,Electronics,4,42299.16,169196.64,2025,October
ORD100152,2025-03-18,CUST5211,Customer_215,53,Female,Patna,Book,Education,5,38233.51,191167.55,2025,March
ORD100152,2025-07-22,CUST2236,Customer_173,64,Male,Pune,Mobile,Electronics,4,6502.53,26010.12,2025,July
ORD100152,2025-08-31,CUST4137,Customer_221,36,Male,Gaya,Mobile,Electronics,2,40810.01,81620.02,2025,August
ORD100152,2025-02-16,CUST5113,Customer_271,30,Female,Kolkata,Mobile,Electronics,7,28469.0,199283.0,2025,February
ORD100162,2025-06-03,CUST9297,Customer_488,27,Female,Kolkata,Mobile,Electronics,9,22636.01,203724.09,2025,June
ORD100162,2025-11-04,CUST2295,Customer_319,57,Male,Mumbai,Book,Education,6,39830.65,238983.9,2025,November
ORD100162,2025-09-04,CUST3714,Customer_295,37,Female,Patna,Rice,Grocery,7,23674.97,165724.79,2025,September
ORD100162,2025-03-03,CUST5036,Customer_468,32,Male,Patna,Chair,Furniture,8,37436.26,299490.08,2025,March
ORD100172,2025-05-10,CUST4062,Customer_23,56,Female,Mumbai,Chair,Furniture,1,8906.18,8906.18,2025,May
ORD100172,2025-04-08,CUST4685,Customer_22,35,Male,Gaya,Rice,Grocery,9,26781.39,241032.51,2025,April
ORD100172,2025-06-07,CUST3564,Customer_267,41,Male,Patna,Rice,Grocery,9,49390.42,444513.78,2025,June
ORD100172,2025-01-11,CUST8722,Customer_475,21,Male,Mumbai,Laptop,Electronics,9,21792.76,196134.84,2025,January
ORD100172,2025-06-04,CUST3602,Customer_295,54,Male,Pune,Mobile,Electronics,4,16850.46,67401.84,2025,June
ORD100172,2025-06-21,CUST9812,Customer_333,20,Female,Pune,Mobile,Electronics,2,14098.13,28196.26,2025,June
ORD100172,2025-07-01,CUST4747,Customer_193,44,Male,Gaya,Mobile,Electronics,3,34033.11,102099.33,2025,July
ORD100182,2025-03-05,CUST1766,Customer_319,27,Male,Kolkata,Laptop,Electronics,5,1423.81,7119.05,2025,March
ORD100182,2025-10-31,CUST3366,Customer_363,55,Male,Delhi,Rice,Grocery,8,29735.57,237884.56,2025,October
ORD100182,2025-01-26,CUST1215,Customer_19,35,Male,Gaya,Chair,Furniture,7,1481.0,10367.0,2025,January
ORD100182,2025-11-14,CUST3508,Customer_163,60,Female,Pune,Laptop,Electronics,8,23129.36,185034.88,2025,November
ORD100182,2025-10-24,CUST5988,Customer_266,43,Male,Kolkata,Chair,Furniture,2,44336.38,88672.76,2025,October
ORD100182,2025-03-08,CUST3397,Customer_101,44,Male,Gaya,Chair,Furniture,3,8820.55,26461.65,2025,March
ORD100182,2025-05-13,CUST4777,Customer_233,60,Female,Gaya,Laptop,Electronics,1,21001.73,21001.73,2025,May
ORD100182,2025-04-27,CUST9059,Customer_288,33,Male,Delhi,Laptop,Electronics,9,16767.5,150907.5,2025,April
ORD100192,2025-09-08,CUST7574,Customer_66,43,Female,Delhi,Chair,Furniture,5,7642.84,38214.2,2025,September
ORD100192,2025-11-27,CUST1436,Customer_144,60,Female,Delhi,Laptop,Electronics,10,1959.05,19590.5,2025,November
ORD100192,2025-02-26,CUST3625,Customer_382,55,Female,Kolkata,Mobile,Electronics,4,26460.39,105841.56,2025,February
ORD100192,2025-06-13,CUST6821,Customer_73,24,Male,Pune,Book,Education,8,34260.45,274083.6,2025,June
ORD100192,2025-08-06,CUST6228,Customer_466,41,Female,Pune,Book,Education,4,22321.8,89287.2,2025,August
ORD100192,2025-11-19,CUST3002,Customer_57,61,Male,Mumbai,Book,Education,8,27492.16,219937.28,2025,November
ORD100192,2025-10-26,CUST3685,Customer_94,23,Female,Delhi,Chair,Furniture,1,35489.21,35489.21,2025,October
ORD100192,2025-02-08,CUST3417,Customer_102,36,Male,Patna,Laptop,Electronics,8,31510.55,252084.4,2025,February
ORD100192,2025-01-04,CUST7187,Customer_149,38,Male,Patna,Mobile,Electronics,1,16633.85,16633.85,2025,January
ORD100202,2025-12-23,CUST2779,Customer_336,44,Female,Patna,Rice,Grocery,7,25521.26,178648.82,2025,December
ORD100202,2025-02-26,CUST6564,Customer_216,59,Female,Patna,Mobile,Electronics,4,35658.89,142635.56,2025,February
ORD100202,2025-12-16,CUST2428,Customer_127,52,Female,Mumbai,Book,Education,3,16041.29,48123.87,2025,December
ORD100202,2025-02-26,CUST2448,Customer_444,59,Female,Kolkata,Chair,Furniture,9,16533.74,148803.66,2025,February
ORD100202,2025-08-30,CUST9728,Customer_338,45,Male,Gaya,Rice,Grocery,4,46356.08,185424.32,2025,August
ORD100202,2025-02-25,CUST6932,Customer_304,31,Male,Kolkata,Shoes,Fashion,8,2636.28,21090.24,2025,February
ORD100202,2025-04-05,CUST9159,Customer_12,40,Female,Kolkata,Mobile,Electronics,6,34808.76,208852.56,2025,April
ORD100212,2025-04-10,CUST7659,Customer_445,20,Male,Patna,Chair,Furniture,1,49067.82,49067.82,2025,April
ORD100212,2025-11-09,CUST6727,Customer_452,34,Female,Mumbai,Mobile,Electronics,6,18644.18,111865.08,2025,November
ORD100212,2025-08-25,CUST8049,Customer_384,37,Female,Delhi,Laptop,Electronics,9,14462.81,130165.29,2025,August
ORD100212,2025-03-20,CUST5355,Customer_108,23,Male,Delhi,Rice,Grocery,5,9508.4,47542.0,2025,March
ORD100212,2025-03-23,CUST3186,Customer_412,60,Female,Delhi,Mobile,Electronics,4,39054.95,156219.8,2025,March
ORD100212,2025-10-07,CUST1822,Customer_174,39,Male,Kolkata,Mobile,Electronics,6,20308.85,121853.1,2025,October
ORD100222,2025-12-06,CUST7613,Customer_432,22,Male,Mumbai,Laptop,Electronics,8,49347.28,394778.24,2025,December
ORD100222,2025-02-08,CUST9319,Customer_434,54,Female,Pune,Rice,Grocery,5,7361.11,36805.55,2025,February
ORD100222,2025-06-19,CUST5214,Customer_142,63,Female,Patna,Chair,Furniture,4,21609.52,86438.08,2025,June
ORD100222,2025-07-08,CUST3618,Customer_131,28,Male,Pune,Laptop,Electronics,10,33072.39,330723.9,2025,July
ORD100232,2025-11-01,CUST3668,Customer_415,63,Male,Patna,Mobile,Electronics,6,46679.69,280078.14,2025,November
ORD100232,2025-05-16,CUST7315,Customer_283,45,Female,Mumbai,Book,Education,3,17931.34,53794.02,2025,May
ORD100232,2025-04-11,CUST9158,Customer_297,61,Male,Gaya,Chair,Furniture,4,5518.32,22073.28,2025,April
ORD100232,2025-06-21,CUST6522,Customer_468,61,Male,Mumbai,Book,Education,7,15331.09,107317.63,2025,June
ORD100232,2025-05-19,CUST6082,Customer_301,62,Male,Mumbai,Laptop,Electronics,9,44135.66,397220.94,2025,May
ORD100232,2025-02-04,CUST5945,Customer_49,40,Female,Kolkata,Shoes,Fashion,7,28710.98,200976.86,2025,February
ORD100242,2025-02-12,CUST1197,Customer_419,36,Male,Pune,Book,Education,4,1486.03,5944.12,2025,February
ORD100242,2025-03-27,CUST6584,Customer_449,21,Male,Mumbai,Mobile,Electronics,10,29646.26,296462.6,2025,March
ORD100242,2025-02-09,CUST4629,Customer_167,40,Female,Patna,Mobile,Electronics,3,25277.79,75833.37,2025,February
ORD100252,2025-04-02,CUST9047,Customer_363,42,Male,Patna,Laptop,Electronics,7,46461.17,325228.19,2025,April
ORD100252,2025-04-16,CUST2006,Customer_131,50,Male,Kolkata,Book,Education,2,1655.36,3310.72,2025,April
ORD100252,2025-08-17,CUST5418,Customer_491,41,Female,Kolkata,Book,Education,4,44463.18,177852.72,2025,August
ORD100252,2025-05-02,CUST8067,Customer_283,47,Female,Patna,Chair,Furniture,6,43576.14,261456.84,2025,May
ORD100252,2025-05-03,CUST3080,Customer_378,41,Female,Pune,Chair,Furniture,1,43789.89,43789.89,2025,May
ORD100252,2025-09-10,CUST7801,Customer_150,41,Male,Pune,Chair,Furniture,7,6196.22,43373.54,2025,September
ORD100252,2025-06-18,CUST4686,Customer_473,27,Male,Pune,Rice,Grocery,8,36364.84,290918.72,2025,June
ORD100262,2025-07-09,CUST6927,Customer_165,23,Male,Gaya,Chair,Furniture,5,17292.4,86462.0,2025,July
ORD100262,2025-10-28,CUST8686,Customer_404,56,Female,Patna,Chair,Furniture,6,29255.02,175530.12,2025,October
ORD100262,2025-11-26,CUST7501,Customer_2,40,Female,Gaya,Rice,Grocery,8,6459.95,51679.6,2025,November
ORD100262,2025-08-01,CUST1662,Customer_365,31,Female,Pune,Book,Education,7,13789.53,96526.71,2025,August
ORD100272,2025-10-25,CUST7413,Customer_4,54,Male,Kolkata,Laptop,Electronics,5,16404.25,82021.25,2025,October
ORD100272,2025-12-26,CUST1994,Customer_390,48,Male,Pune,Book,Education,3,32373.88,97121.64,2025,December
ORD100272,2025-08-03,CUST6173,Customer_51,22,Male,Pune,Mobile,Electronics,7,21466.96,150268.72,2025,August
ORD100272,2025-01-10,CUST7374,Customer_375,62,Female,Patna,Book,Education,5,47201.84,236009.2,2025,January
ORD100272,2025-09-11,CUST4737,Customer_367,22,Female,Patna,Book,Education,5,36171.66,180858.3,2025,September
ORD100272,2025-06-07,CUST3689,Customer_335,34,Female,Patna,Laptop,Electronics,8,47311.77,378494.16,2025,June
ORD100272,2025-09-06,CUST6444,Customer_251,23,Female,Mumbai,Book,Education,9,28865.26,259787.34,2025,September
ORD100272,2025-09-14,CUST1636,Customer_243,63,Female,Patna,Chair,Furniture,7,7528.42,52698.94,2025,September
ORD100272,2025-09-30,CUST3341,Customer_263,54,Male,Gaya,Mobile,Electronics,4,46629.93,186519.72,2025,September
ORD100282,2025-12-26,CUST3877,Customer_133,18,Male,Delhi,Mobile,Electronics,6,14220.63,85323.78,2025,December
ORD100282,2025-12-28,CUST6407,Customer_157,26,Female,Delhi,Laptop,Electronics,6,5810.2,34861.2,2025,December
ORD100282,2025-01-09,CUST4381,Customer_324,39,Female,Kolkata,Laptop,Electronics,6,22627.46,135764.76,2025,January
ORD100282,2025-05-09,CUST5097,Customer_302,65,Female,Mumbai,Mobile,Electronics,9,20619.08,185571.72,2025,May
ORD100282,2025-01-11,CUST8105,Customer_385,52,Male,Delhi,Mobile,Electronics,3,35888.63,107665.89,2025,January
ORD100282,2025-11-04,CUST6002,Customer_83,46,Male,Delhi,Laptop,Electronics,9,23875.09,214875.81,2025,November
ORD100282,2025-11-07,CUST1334,Customer_364,31,Male,Kolkata,Shoes,Fashion,2,17100.29,34200.58,2025,November
ORD100292,2025-04-06,CUST9248,Customer_451,51,Male,Mumbai,Chair,Furniture,7,15202.84,106419.88,2025,April
ORD100292,2025-08-31,CUST7152,Customer_423,22,Female,Patna,Mobile,Electronics,6,17696.96,106181.76,2025,August
ORD100292,2025-02-20,CUST8650,Customer_384,23,Male,Gaya,Rice,Grocery,6,13138.1,78828.6,2025,February
ORD100292,2025-04-16,CUST9284,Customer_212,44,Female,Kolkata,Book,Education,5,3842.06,19210.3,2025,April
ORD100292,2025-11-18,CUST4845,Customer_401,18,Male,Mumbai,Chair,Furniture,1,2599.12,2599.12,2025,November
ORD100292,2025-07-28,CUST6538,Customer_365,37,Female,Pune,Mobile,Electronics,4,6652.95,26611.8,2025,July
ORD100292,2025-03-25,CUST6028,Customer_58,39,Male,Delhi,Laptop,Electronics,4,20533.23,82132.92,2025,March
ORD100302,2025-09-12,CUST5406,Customer_164,30,Male,Kolkata,Mobile,Electronics,5,9509.13,47545.65,2025,September
ORD100302,2025-08-09,CUST9552,Customer_340,30,Male,Patna,Chair,Furniture,7,1106.55,7745.85,2025,August
ORD100302,2025-03-27,CUST3059,Customer_104,36,Male,Patna,Shoes,Fashion,6,39075.07,234450.42,2025,March
ORD100302,2025-07-06,CUST1183,Customer_189,20,Female,Gaya,Chair,Furniture,7,7046.4,49324.8,2025,July
ORD100302,2025-08-27,CUST1088,Customer_1,40,Male,Patna,Shoes,Fashion,5,40763.95,203819.75,2025,August
ORD100302,2025-08-02,CUST8195,Customer_388,52,Female,Patna,Shoes,Fashion,1,3727.43,3727.43,2025,August
ORD100302,2025-01-01,CUST1231,Customer_339,53,Male,Patna,Rice,Grocery,4,46771.94,187087.76,2025,January
ORD100302,2025-12-12,CUST6206,Customer_18,50,Male,Kolkata,Book,Education,7,43207.91,302455.37,2025,December
ORD100302,2025-03-23,CUST7625,Customer_251,50,Female,Patna,Book,Education,3,5803.11,17409.33,2025,March
ORD100312,2025-07-29,CUST1762,Customer_141,27,Male,Delhi,Book,Education,4,30974.95,123899.8,2025,July
ORD100312,2025-06-08,CUST7059,Customer_224,51,Female,Delhi,Laptop,Electronics,8,1722.06,13776.48,2025,June
ORD100312,2025-04-21,CUST8229,Customer_161,32,Male,Pune,Mobile,Electronics,5,25857.91,129289.55,2025,April
ORD100312,2025-01-30,CUST2457,Customer_462,51,Male,Kolkata,Mobile,Electronics,2,21816.67,43633.34,2025,January
ORD100312,2025-06-08,CUST5057,Customer_158,52,Female,Patna,Shoes,Fashion,3,10075.98,30227.94,2025,June
ORD100322,2025-05-07,CUST1516,Customer_148,52,Male,Mumbai,Laptop,Electronics,9,22182.44,199641.96,2025,May
ORD100322,2025-06-22,CUST4527,Customer_359,54,Male,Mumbai,Book,Education,6,35006.3,210037.8,2025,June
ORD100322,2025-08-15,CUST2650,Customer_276,56,Female,Kolkata,Chair,Furniture,10,16222.64,162226.4,2025,August
ORD100322,2025-09-20,CUST1932,Customer_369,35,Male,Delhi,Mobile,Electronics,4,1935.28,7741.12,2025,September
ORD100322,2025-08-26,CUST7196,Customer_286,40,Male,Delhi,Chair,Furniture,8,33388.11,267104.88,2025,August
ORD100322,2025-03-30,CUST9627,Customer_444,47,Male,Gaya,Rice,Grocery,5,27900.36,139501.8,2025,March
ORD100322,2025-04-12,CUST9693,Customer_343,48,Male,Patna,Book,Education,9,45988.02,413892.18,2025,April
ORD100332,2025-10-14,CUST5621,Customer_427,62,Female,Delhi,Shoes,Fashion,7,19261.81,134832.67,2025,October
ORD100332,2025-04-28,CUST6067,Customer_316,55,Male,Patna,Laptop,Electronics,8,22233.15,177865.2,2025,April
ORD100332,2025-02-03,CUST9465,Customer_470,44,Male,Kolkata,Shoes,Fashion,4,2247.11,8988.44,2025,February
ORD100332,2025-07-23,CUST3773,Customer_336,41,Female,Pune,Chair,Furniture,6,27965.93,167795.58,2025,July
ORD100332,2025-01-29,CUST5933,Customer_92,29,Male,Mumbai,Chair,Furniture,5,13013.63,65068.15,2025,January
ORD100332,2025-10-16,CUST8904,Customer_152,28,Female,Kolkata,Rice,Grocery,2,31943.19,63886.38,2025,October
ORD100332,2025-02-24,CUST2599,Customer_390,35,Male,Mumbai,Laptop,Electronics,5,26823.14,134115.7,2025,February
ORD100332,2025-12-05,CUST5249,Customer_236,57,Male,Pune,Shoes,Fashion,10,11637.38,116373.8,2025,December
ORD100332,2025-09-21,CUST9849,Customer_264,53,Female,Delhi,Chair,Furniture,5,38518.95,192594.75,2025,September
ORD100332,2025-03-02,CUST3891,Customer_453,65,Male,Mumbai,Laptop,Electronics,6,25123.86,150743.16,2025,March
ORD100342,2025-10-28,CUST8154,Customer_224,47,Female,Pune,Mobile,Electronics,9,47289.86,425608.74,2025,October
ORD100342,2025-01-28,CUST9557,Customer_475,47,Male,Mumbai,Book,Education,3,45718.65,137155.95,2025,January
ORD100342,2025-10-29,CUST9253,Customer_371,50,Female,Pune,Rice,Grocery,10,21580.33,215803.3,2025,October
ORD100342,2025-12-18,CUST2794,Customer_98,31,Female,Patna,Shoes,Fashion,5,10932.32,54661.6,2025,December
ORD100342,2025-05-01,CUST1463,Customer_257,56,Female,Gaya,Mobile,Electronics,6,12740.73,76444.38,2025,May
ORD100342,2025-02-16,CUST1577,Customer_59,37,Male,Delhi,Shoes,Fashion,1,36943.51,36943.51,2025,February
ORD100342,2025-07-16,CUST7654,Customer_172,42,Male,Delhi,Rice,Grocery,2,33566.2,67132.4,2025,July
ORD100352,2025-02-24,CUST1170,Customer_67,37,Male,Mumbai,Mobile,Electronics,4,25840.34,103361.36,2025,February
ORD100352,2025-11-08,CUST7104,Customer_498,34,Male,Mumbai,Chair,Furniture,5,49012.25,245061.25,2025,November
ORD100352,2025-10-20,CUST3265,Customer_256,29,Male,Gaya,Rice,Grocery,5,19538.67,97693.35,2025,October
ORD100352,2025-07-15,CUST5743,Customer_248,28,Male,Gaya,Laptop,Electronics,6,14400.18,86401.08,2025,July
ORD100352,2025-08-11,CUST8871,Customer_345,43,Female,Kolkata,Chair,Furniture,4,28464.26,113857.04,2025,August
ORD100352,2025-01-26,CUST3763,Customer_221,32,Female,Delhi,Shoes,Fashion,5,40682.5,203412.5,2025,January
ORD100052,2025-02-11,CUST6467,Customer_181,24,Female,Pune,Rice,Grocery,7,45480.39,318362.73,2025,February
ORD100362,2025-04-26,CUST7309,Customer_266,52,Female,Delhi,Book,Education,6,42742.96,256457.76,2025,April
ORD100362,2025-10-01,CUST3281,Customer_243,64,Female,Pune,Laptop,Electronics,10,19010.69,190106.9,2025,October
ORD100362,2025-04-30,CUST9724,Customer_220,35,Male,Pune,Laptop,Electronics,5,31244.32,156221.6,2025,April
ORD100362,2025-12-30,CUST7621,Customer_375,61,Female,Gaya,Shoes,Fashion,1,44751.42,44751.42,2025,December
ORD100362,2025-09-07,CUST3023,Customer_223,43,Female,Gaya,Shoes,Fashion,8,46122.45,368979.6,2025,September
ORD100372,2025-01-26,CUST6142,Customer_410,37,Male,Patna,Mobile,Electronics,10,12839.38,128393.8,2025,January
ORD100372,2025-09-25,CUST8318,Customer_189,29,Female,Kolkata,Mobile,Electronics,1,6050.27,6050.27,2025,September
ORD100372,2025-06-15,CUST9485,Customer_43,57,Male,Mumbai,Mobile,Electronics,2,42518.8,85037.6,2025,June
ORD100372,2025-06-04,CUST9022,Customer_131,49,Female,Mumbai,Rice,Grocery,4,22806.21,91224.84,2025,June
ORD100372,2025-02-28,CUST9776,Customer_345,54,Female,Delhi,Rice,Grocery,3,11513.96,34541.88,2025,February
ORD100372,2025-09-29,CUST3607,Customer_266,64,Female,Patna,Book,Education,5,21152.92,105764.6,2025,September
ORD100372,2025-04-28,CUST1032,Customer_20,22,Female,Pune,Mobile,Electronics,7,20998.7,146990.9,2025,April
ORD100382,2025-04-04,CUST6531,Customer_218,57,Male,Kolkata,Rice,Grocery,6,13054.61,78327.66,2025,April
ORD100382,2025-06-07,CUST4482,Customer_139,53,Male,Pune,Mobile,Electronics,9,46780.58,421025.22,2025,June
ORD100382,2025-10-16,CUST4655,Customer_167,35,Male,Kolkata,Shoes,Fashion,7,34258.83,239811.81,2025,October
ORD100382,2025-08-25,CUST3365,Customer_80,23,Male,Delhi,Mobile,Electronics,7,17055.84,119390.88,2025,August
ORD100382,2025-10-15,CUST1481,Customer_40,40,Female,Patna,Chair,Furniture,10,7876.48,78764.8,2025,October
ORD100382,2025-11-24,CUST2242,Customer_331,53,Female,Delhi,Mobile,Electronics,10,34976.79,349767.9,2025,November
ORD100382,2025-06-30,CUST8164,Customer_156,34,Female,Delhi,Chair,Furniture,8,38672.34,309378.72,2025,June
ORD100382,2025-06-17,CUST9469,Customer_426,18,Female,Kolkata,Shoes,Fashion,1,48695.59,48695.59,2025,June
ORD100382,2025-08-30,CUST6180,Customer_73,64,Male,Patna,Mobile,Electronics,6,26179.81,157078.86,2025,August
ORD100392,2025-03-23,CUST2671,Customer_58,52,Male,Delhi,Shoes,Fashion,1,23398.57,23398.57,2025,March
ORD100392,2025-03-30,CUST6111,Customer_388,20,Male,Kolkata,Laptop,Electronics,5,24596.56,122982.8,2025,March
ORD100392,2025-11-22,CUST5569,Customer_188,27,Female,Pune,Shoes,Fashion,5,21143.07,105715.35,2025,November
ORD100392,2025-10-26,CUST8053,Customer_159,53,Female,Mumbai,Laptop,Electronics,4,41264.56,165058.24,2025,October
ORD100392,2025-02-12,CUST3345,Customer_202,35,Female,Gaya,Book,Education,5,11761.9,58809.5,2025,February
ORD100402,2025-01-13,CUST6037,Customer_121,28,Male,Patna,Mobile,Electronics,2,1793.29,3586.58,2025,January
ORD100402,2025-04-05,CUST2137,Customer_57,40,Female,Mumbai,Shoes,Fashion,5,18223.06,91115.3,2025,April
ORD100402,2025-02-22,CUST4625,Customer_296,25,Female,Gaya,Book,Education,7,43850.91,306956.37,2025,February
ORD100402,2025-01-10,CUST4414,Customer_194,53,Female,Delhi,Book,Education,1,15617.29,15617.29,2025,January
ORD100402,2025-04-05,CUST5778,Customer_346,37,Male,Patna,Shoes,Fashion,2,36062.36,72124.72,2025,April
ORD100402,2025-03-21,CUST1528,Customer_170,46,Male,Patna,Mobile,Electronics,2,24194.96,48389.92,2025,March
ORD100402,2025-06-29,CUST5430,Customer_333,48,Male,Mumbai,Shoes,Fashion,3,46253.94,138761.82,2025,June
ORD100412,2025-07-07,CUST3440,Customer_28,32,Female,Pune,Laptop,Electronics,5,6619.66,33098.3,2025,July
ORD100412,2025-07-11,CUST6631,Customer_141,58,Male,Kolkata,Book,Education,4,7231.17,28924.68,2025,July
ORD100412,2025-12-16,CUST9089,Customer_177,24,Male,Patna,Book,Education,10,14441.39,144413.9,2025,December
ORD100412,2025-12-03,CUST4703,Customer_394,58,Male,Patna,Laptop,Electronics,4,39636.15,158544.6,2025,December
ORD100412,2025-07-18,CUST4598,Customer_96,33,Female,Patna,Shoes,Fashion,10,6633.6,66336.0,2025,July
ORD100412,2025-01-16,CUST3277,Customer_148,46,Female,Gaya,Mobile,Electronics,6,31722.52,190335.12,2025,January
ORD100412,2025-06-30,CUST5932,Customer_183,62,Female,Gaya,Rice,Grocery,3,24990.09,74970.27,2025,June
ORD100412,2025-06-04,CUST9942,Customer_466,29,Female,Kolkata,Mobile,Electronics,8,28813.93,230511.44,2025,June
ORD100422,2025-05-12,CUST2231,Customer_38,51,Male,Delhi,Mobile,Electronics,2,572.39,1144.78,2025,May
ORD100422,2025-10-04,CUST2956,Customer_177,39,Male,Patna,Chair,Furniture,5,26522.29,132611.45,2025,October
ORD100422,2025-04-03,CUST9649,Customer_322,58,Male,Gaya,Mobile,Electronics,9,37176.15,334585.35,2025,April
ORD100422,2025-10-03,CUST6655,Customer_192,31,Female,Pune,Laptop,Electronics,10,315.67,3156.7,2025,October
ORD100422,2025-02-28,CUST4284,Customer_270,46,Male,Patna,Mobile,Electronics,1,30640.69,30640.69,2025,February
ORD100422,2025-06-21,CUST4269,Customer_268,65,Female,Gaya,Laptop,Electronics,8,23432.88,187463.04,2025,June
ORD100422,2025-05-31,CUST1253,Customer_334,32,Female,Gaya,Laptop,Electronics,3,29297.53,87892.59,2025,May
ORD100422,2025-02-14,CUST9754,Customer_304,19,Male,Delhi,Chair,Furniture,6,33928.27,203569.62,2025,February
ORD100432,2025-10-24,CUST9209,Customer_233,21,Female,Mumbai,Laptop,Electronics,9,29804.26,268238.34,2025,October
ORD100432,2025-07-21,CUST4215,Customer_103,28,Male,Delhi,Shoes,Fashion,9,12279.11,110511.99,2025,July
ORD100432,2025-02-04,CUST2935,Customer_26,28,Male,Delhi,Mobile,Electronics,6,5060.75,30364.5,2025,February
ORD100432,2025-05-11,CUST9381,Customer_352,45,Male,Kolkata,Laptop,Electronics,2,42427.93,84855.86,2025,May
ORD100432,2025-06-10,CUST4982,Customer_370,33,Male,Delhi,Mobile,Electronics,10,43997.22,439972.2,2025,June
ORD100432,2025-01-05,CUST4849,Customer_209,28,Male,Patna,Rice,Grocery,1,28812.06,28812.06,2025,January
ORD100432,2025-05-28,CUST3418,Customer_499,33,Female,Gaya,Mobile,Electronics,1,1229.02,1229.02,2025,May
ORD100432,2025-08-01,CUST3459,Customer_320,19,Male,Pune,Mobile,Electronics,3,29528.77,88586.31,2025,August
ORD100432,2025-11-29,CUST7937,Customer_158,43,Female,Mumbai,Chair,Furniture,9,24864.11,223776.99,2025,November
ORD100442,2025-05-26,CUST9209,Customer_173,49,Female,Gaya,Shoes,Fashion,2,5988.17,11976.34,2025,May
ORD100442,2025-01-22,CUST9619,Customer_491,30,Male,Pune,Mobile,Electronics,1,3839.04,3839.04,2025,January
ORD100442,2025-08-30,CUST6887,Customer_423,21,Male,Delhi,Chair,Furniture,5,3146.73,15733.65,2025,August
ORD100442,2025-07-24,CUST8515,Customer_445,22,Male,Mumbai,Chair,Furniture,7,33771.26,236398.82,2025,July
ORD100442,2025-10-01,CUST9942,Customer_227,47,Male,Delhi,Mobile,Electronics,3,28342.81,85028.43,2025,October
ORD100442,2025-06-16,CUST1256,Customer_279,34,Male,Kolkata,Mobile,Electronics,5,48457.94,242289.7,2025,June
ORD100442,2025-02-23,CUST1841,Customer_129,45,Male,Kolkata,Book,Education,2,41096.75,82193.5,2025,February
ORD100442,2025-02-28,CUST2777,Customer_417,49,Male,Gaya,Mobile,Electronics,9,19415.21,174736.89,2025,February
ORD100442,2025-02-08,CUST2031,Customer_309,45,Female,Gaya,Shoes,Fashion,4,8654.13,34616.52,2025,February
ORD100442,2025-02-02,CUST9219,Customer_132,30,Female,Gaya,Laptop,Electronics,5,26337.15,131685.75,2025,February
ORD100452,2025-02-28,CUST3773,Customer_181,27,Male,Patna,Chair,Furniture,8,30576.0,244608.0,2025,February
ORD100452,2025-01-22,CUST5766,Customer_85,27,Male,Gaya,Shoes,Fashion,7,32289.77,226028.39,2025,January
ORD100452,2025-08-30,CUST1189,Customer_490,39,Female,Pune,Shoes,Fashion,2,18153.87,36307.74,2025,August
ORD100452,2025-09-15,CUST4756,Customer_104,57,Female,Delhi,Laptop,Electronics,1,5815.69,5815.69,2025,September
ORD100452,2025-08-10,CUST9125,Customer_19,21,Female,Mumbai,Chair,Furniture,1,47927.36,47927.36,2025,August
ORD100452,2025-04-16,CUST6806,Customer_316,46,Male,Pune,Laptop,Electronics,8,30816.21,246529.68,2025,April
ORD100452,2025-04-28,CUST9131,Customer_249,38,Female,Delhi,Book,Education,9,41434.83,372913.47,2025,April
ORD100462,2025-04-17,CUST4317,Customer_498,50,Female,Delhi,Book,Education,4,36242.41,144969.64,2025,April
ORD100462,2025-07-11,CUST5702,Customer_381,48,Female,Pune,Book,Education,10,13908.48,139084.8,2025,July
ORD100462,2025-03-22,CUST9379,Customer_263,38,Female,Kolkata,Laptop,Electronics,1,9009.36,9009.36,2025,March
ORD100462,2025-04-25,CUST7664,Customer_376,43,Female,Delhi,Shoes,Fashion,6,36021.08,216126.48,2025,April
ORD100462,2025-07-30,CUST2680,Customer_90,65,Female,Patna,Book,Education,3,41596.85,124790.55,2025,July
ORD100462,2025-08-25,CUST6783,Customer_7,30,Male,Kolkata,Book,Education,9,21020.37,189183.33,2025,August
ORD100462,2025-05-27,CUST8039,Customer_391,55,Female,Kolkata,Book,Education,6,28483.33,170899.98,2025,May
ORD100462,2025-12-23,CUST7564,Customer_478,20,Female,Patna,Book,Education,8,22060.38,176483.04,2025,December
ORD100462,2025-04-15,CUST8899,Customer_482,30,Male,Delhi,Mobile,Electronics,9,17074.46,153670.14,2025,April
ORD100472,2025-05-05,CUST1453,Customer_60,51,Male,Gaya,Shoes,Fashion,6,7136.1,42816.6,2025,May
ORD100472,2025-11-18,CUST5363,Customer_423,56,Male,Delhi,Rice,Grocery,4,33964.14,135856.56,2025,November
ORD100472,2025-02-23,CUST7374,Customer_382,21,Male,Mumbai,Rice,Grocery,10,27530.02,275300.2,2025,February
ORD100472,2025-12-08,CUST3741,Customer_461,57,Female,Mumbai,Laptop,Electronics,2,24291.74,48583.48,2025,December
ORD100472,2025-07-24,CUST4758,Customer_372,63,Male,Pune,Laptop,Electronics,5,13257.79,66288.95,2025,July
ORD100472,2025-08-22,CUST1940,Customer_40,48,Male,Gaya,Shoes,Fashion,10,16360.67,163606.7,2025,August
ORD100472,2025-05-27,CUST3024,Customer_332,22,Female,Patna,Laptop,Electronics,6,40480.73,242884.38,2025,May
ORD100472,2025-10-09,CUST7981,Customer_196,46,Male,Mumbai,Chair,Furniture,2,747.57,1495.14,2025,October
ORD100482,2025-01-07,CUST2632,Customer_321,56,Male,Kolkata,Laptop,Electronics,2,33800.83,67601.66,2025,January
ORD100482,2025-02-16,CUST3723,Customer_208,52,Male,Kolkata,Laptop,Electronics,4,4113.4,16453.6,2025,February
ORD100482,2025-12-25,CUST9464,Customer_357,39,Male,Gaya,Book,Education,9,5037.6,45338.4,2025,December
ORD100482,2025-11-15,CUST4264,Customer_304,26,Female,Patna,Mobile,Electronics,8,34803.41,278427.28,2025,November
ORD100482,2025-08-24,CUST8691,Customer_252,27,Male,Patna,Shoes,Fashion,9,9123.43,82110.87,2025,August
ORD100482,2025-02-22,CUST7117,Customer_6,53,Female,Gaya,Chair,Furniture,6,6567.81,39406.86,2025,February
ORD100482,2025-08-24,CUST4167,Customer_113,41,Female,Kolkata,Mobile,Electronics,9,27766.56,249899.04,2025,August
ORD100492,2025-03-21,CUST2708,Customer_57,52,Male,Delhi,Book,Education,9,21084.4,189759.6,2025,March
ORD100492,2025-12-28,CUST1833,Customer_357,63,Male,Gaya,Book,Education,3,37002.06,111006.18,2025,December
ORD100492,2025-05-29,CUST8425,Customer_254,47,Male,Delhi,Laptop,Electronics,3,33382.46,100147.38,2025,May
ORD100492,2025-07-28,CUST3911,Customer_304,26,Female,Gaya,Shoes,Fashion,5,16321.45,81607.25,2025,July
ORD100492,2025-05-29,CUST2812,Customer_249,55,Male,Gaya,Chair,Furniture,1,767.61,767.61,2025,May
ORD100492,2025-04-07,CUST8000,Customer_275,51,Male,Kolkata,Rice,Grocery,8,18862.36,150898.88,2025,April
ORD100492,2025-12-31,CUST6862,Customer_257,45,Female,Patna,Chair,Furniture,2,47693.33,95386.66,2025,December
ORD100492,2025-08-24,CUST1616,Customer_288,44,Female,Delhi,Mobile,Electronics,3,33234.99,99704.97,2025,August
ORD100502,2025-06-18,CUST7494,Customer_188,30,Female,Mumbai,Mobile,Electronics,10,10702.89,107028.9,2025,June
ORD100502,2025-12-07,CUST8789,Customer_4,52,Female,Delhi,Book,Education,2,13323.8,26647.6,2025,December
ORD100502,2025-07-15,CUST6258,Customer_229,52,Male,Pune,Mobile,Electronics,1,40225.63,40225.63,2025,July
ORD100502,2025-06-02,CUST2027,Customer_458,32,Male,Gaya,Rice,Grocery,3,40440.72,121322.16,2025,June
ORD100502,2025-11-06,CUST9966,Customer_199,44,Male,Kolkata,Laptop,Electronics,10,25386.4,253864.0,2025,November
ORD100502,2025-03-08,CUST3747,Customer_322,47,Female,Mumbai,Laptop,Electronics,3,7991.06,23973.18,2025,March
ORD100502,2025-08-25,CUST9303,Customer_321,44,Female,Kolkata,Mobile,Electronics,9,41886.87,376981.83,2025,August
ORD100512,2025-04-21,CUST9282,Customer_322,58,Female,Mumbai,Laptop,Electronics,10,7062.57,70625.7,2025,April
ORD100512,2025-10-22,CUST1565,Customer_353,27,Female,Delhi,Book,Education,10,8028.98,80289.8,2025,October
ORD100512,2025-10-29,CUST6704,Customer_335,24,Female,Mumbai,Chair,Furniture,7,49735.32,348147.24,2025,October
ORD100512,2025-10-24,CUST8023,Customer_118,50,Female,Mumbai,Shoes,Fashion,4,25461.32,101845.28,2025,October
ORD100512,2025-02-12,CUST2661,Customer_370,41,Male,Delhi,Mobile,Electronics,6,42150.74,252904.44,2025,February
ORD100512,2025-05-12,CUST1316,Customer_3,37,Female,Delhi,Mobile,Electronics,1,16249.69,16249.69,2025,May
ORD100512,2025-05-09,CUST7283,Customer_262,34,Male,Mumbai,Shoes,Fashion,6,16403.01,98418.06,2025,May
ORD100512,2025-12-16,CUST3089,Customer_339,35,Female,Kolkata,Laptop,Electronics,7,19933.44,139534.08,2025,December
ORD100512,2025-12-19,CUST8947,Customer_375,65,Female,Patna,Rice,Grocery,3,48879.87,146639.61,2025,December
ORD100522,2025-04-24,CUST6260,Customer_455,37,Male,Gaya,Laptop,Electronics,3,35318.2,105954.6,2025,April
ORD100522,2025-07-05,CUST9055,Customer_359,62,Male,Gaya,Mobile,Electronics,1,47870.04,47870.04,2025,July
ORD100522,2025-02-14,CUST6706,Customer_215,54,Male,Mumbai,Mobile,Electronics,2,22666.98,45333.96,2025,February
ORD100522,2025-03-27,CUST8200,Customer_147,22,Female,Patna,Mobile,Electronics,8,12225.23,97801.84,2025,March
ORD100522,2025-07-29,CUST5010,Customer_46,41,Female,Pune,Rice,Grocery,7,17760.62,124324.34,2025,July
ORD100522,2025-09-08,CUST5233,Customer_108,26,Male,Mumbai,Book,Education,6,8151.02,48906.12,2025,September
ORD100532,2025-12-18,CUST4089,Customer_79,42,Male,Gaya,Shoes,Fashion,9,12514.53,112630.77,2025,December
ORD100532,2025-05-15,CUST7568,Customer_12,65,Male,Gaya,Rice,Grocery,1,40250.63,40250.63,2025,May
ORD100532,2025-09-20,CUST3835,Customer_256,45,Male,Delhi,Book,Education,3,48031.9,144095.7,2025,September
ORD100532,2025-06-08,CUST1124,Customer_360,18,Female,Patna,Rice,Grocery,8,45296.32,362370.56,2025,June
ORD100532,2025-07-16,CUST8700,Customer_233,35,Female,Mumbai,Mobile,Electronics,5,25036.53,125182.65,2025,July
ORD100532,2025-04-05,CUST2742,Customer_216,22,Female,Delhi,Rice,Grocery,5,21466.01,107330.05,2025,April
ORD100532,2025-01-30,CUST9469,Customer_154,37,Female,Mumbai,Chair,Furniture,6,30698.79,184192.74,2025,January
ORD100532,2025-08-09,CUST5133,Customer_86,56,Female,Pune,Laptop,Electronics,6,3230.47,19382.82,2025,August
ORD100532,2025-10-17,CUST5535,Customer_146,28,Male,Gaya,Rice,Grocery,6,13606.65,81639.9,2025,October
ORD100542,2025-06-12,CUST1419,Customer_226,28,Male,Mumbai,Rice,Grocery,6,9146.39,54878.34,2025,June
ORD100542,2025-11-17,CUST3972,Customer_336,20,Male,Gaya,Rice,Grocery,9,26764.87,240883.83,2025,November
ORD100542,2025-09-16,CUST2515,Customer_74,26,Female,Patna,Shoes,Fashion,7,6887.98,48215.86,2025,September
ORD100542,2025-06-30,CUST2394,Customer_293,27,Male,Patna,Rice,Grocery,6,49889.13,299334.78,2025,June
ORD100542,2025-11-21,CUST7033,Customer_359,33,Male,Gaya,Laptop,Electronics,4,39050.88,156203.52,2025,November
ORD100542,2025-02-19,CUST7824,Customer_21,20,Male,Pune,Rice,Grocery,1,14634.25,14634.25,2025,February
ORD100542,2025-02-24,CUST2039,Customer_32,31,Male,Mumbai,Mobile,Electronics,7,33006.89,231048.23,2025,February
ORD100542,2025-12-25,CUST4569,Customer_238,38,Male,Patna,Laptop,Electronics,9,46663.92,419975.28,2025,December
ORD100542,2025-12-10,CUST7568,Customer_212,37,Female,Pune,Shoes,Fashion,9,3626.27,32636.43,2025,December
ORD100552,2025-06-08,CUST7042,Customer_137,60,Male,Kolkata,Book,Education,2,35113.98,70227.96,2025,June
ORD100552,2025-07-03,CUST3623,Customer_1,35,Male,Mumbai,Mobile,Electronics,9,37614.58,338531.22,2025,July
ORD100552,2025-01-28,CUST1399,Customer_431,60,Male,Gaya,Book,Education,4,18505.56,74022.24,2025,January
ORD100552,2025-10-02,CUST1401,Customer_151,35,Male,Delhi,Rice,Grocery,7,36390.58,254734.06,2025,October
ORD100552,2025-05-09,CUST9458,Customer_25,22,Male,Delhi,Mobile,Electronics,2,17302.3,34604.6,2025,May
ORD100562,2025-10-22,CUST9612,Customer_463,21,Male,Kolkata,Mobile,Electronics,10,6613.42,66134.2,2025,October
ORD100562,2025-01-11,CUST2520,Customer_93,34,Female,Kolkata,Mobile,Electronics,5,28280.37,141401.85,2025,January
ORD100562,2025-09-07,CUST3001,Customer_327,56,Female,Delhi,Book,Education,1,6150.86,6150.86,2025,September
ORD100562,2025-10-12,CUST6748,Customer_2,40,Female,Patna,Book,Education,10,39690.68,396906.8,2025,October
ORD100562,2025-01-20,CUST5431,Customer_396,60,Female,Mumbai,Mobile,Electronics,10,21547.89,215478.9,2025,January
ORD100562,2025-04-13,CUST3316,Customer_458,41,Female,Patna,Book,Education,8,32749.76,261998.08,2025,April
ORD100562,2025-03-17,CUST9510,Customer_345,21,Female,Kolkata,Chair,Furniture,10,43251.3,432513.0,2025,March
ORD100572,2025-12-22,CUST5206,Customer_327,52,Female,Patna,Book,Education,4,16276.94,65107.76,2025,December
ORD100572,2025-05-10,CUST3820,Customer_312,48,Female,Delhi,Rice,Grocery,9,11122.7,100104.3,2025,May
ORD100572,2025-01-09,CUST5791,Customer_113,62,Male,Patna,Shoes,Fashion,2,39005.27,78010.54,2025,January
ORD100572,2025-01-01,CUST2343,Customer_39,28,Male,Patna,Mobile,Electronics,6,16346.82,98080.92,2025,January
ORD100572,2025-09-20,CUST6654,Customer_66,38,Female,Pune,Mobile,Electronics,4,3859.9,15439.6,2025,September
ORD100572,2025-05-16,CUST8820,Customer_339,39,Female,Kolkata,Laptop,Electronics,6,49058.94,294353.64,2025,May
ORD100572,2025-06-18,CUST9181,Customer_122,24,Female,Patna,Mobile,Electronics,7,413.2,2892.4,2025,June
ORD100572,2025-03-09,CUST8098,Customer_337,26,Female,Patna,Shoes,Fashion,5,21555.12,107775.6,2025,March
ORD100572,2025-04-19,CUST6006,Customer_344,38,Male,Delhi,Chair,Furniture,5,37214.58,186072.9,2025,April
ORD100582,2025-06-20,CUST1094,Customer_91,31,Female,Patna,Mobile,Electronics,10,21194.59,211945.9,2025,June
ORD100582,2025-07-07,CUST1468,Customer_266,49,Female,Kolkata,Shoes,Fashion,8,44971.9,359775.2,2025,July
ORD100582,2025-12-29,CUST6704,Customer_141,39,Male,Pune,Shoes,Fashion,4,26046.5,104186.0,2025,December
ORD100582,2025-03-07,CUST1936,Customer_15,59,Male,Delhi,Mobile,Electronics,3,43567.37,130702.11,2025,March
ORD100582,2025-09-24,CUST8399,Customer_160,40,Male,Mumbai,Book,Education,5,19565.23,97826.15,2025,September
ORD100582,2025-02-08,CUST8075,Customer_401,62,Female,Patna,Shoes,Fashion,5,7642.55,38212.75,2025,February
ORD100582,2025-01-13,CUST8826,Customer_206,20,Female,Gaya,Mobile,Electronics,7,22060.0,154420.0,2025,January
ORD100582,2025-09-04,CUST9700,Customer_441,25,Female,Kolkata,Laptop,Electronics,2,20074.3,40148.6,2025,September
ORD100582,2025-12-17,CUST8513,Customer_125,49,Female,Pune,Mobile,Electronics,6,38159.29,228955.74,2025,December
ORD100592,2025-12-19,CUST8595,Customer_63,44,Female,Mumbai,Laptop,Electronics,1,18229.0,18229.0,2025,December
ORD100592,2025-06-27,CUST9489,Customer_385,61,Male,Delhi,Book,Education,2,14656.73,29313.46,2025,June
ORD100592,2025-08-08,CUST7226,Customer_421,51,Male,Mumbai,Mobile,Electronics,3,1286.36,3859.08,2025,August
ORD100592,2025-01-01,CUST1840,Customer_90,43,Female,Kolkata,Laptop,Electronics,2,11893.8,23787.6,2025,January
ORD100592,2025-08-06,CUST9449,Customer_178,49,Female,Mumbai,Shoes,Fashion,2,11967.47,23934.94,2025,August
ORD100592,2025-04-17,CUST3537,Customer_377,24,Female,Pune,Chair,Furniture,4,35411.73,141646.92,2025,April
ORD100592,2025-10-12,CUST4041,Customer_394,30,Female,Delhi,Rice,Grocery,1,15515.24,15515.24,2025,October
ORD100592,2025-05-06,CUST4417,Customer_234,52,Male,Mumbai,Mobile,Electronics,9,697.87,6280.83,2025,May
ORD100592,2025-08-04,CUST4099,Customer_377,55,Female,Delhi,Shoes,Fashion,10,20857.23,208572.3,2025,August
ORD100592,2025-03-28,CUST3107,Customer_99,21,Female,Kolkata,Mobile,Electronics,8,3595.82,28766.56,2025,March
ORD100602,2025-04-02,CUST9111,Customer_235,61,Female,Kolkata,Shoes,Fashion,5,30620.75,153103.75,2025,April
ORD100602,2025-08-04,CUST7221,Customer_478,39,Male,Gaya,Laptop,Electronics,2,7534.68,15069.36,2025,August
ORD100602,2025-07-28,CUST5899,Customer_500,31,Female,Gaya,Laptop,Electronics,4,5789.5,23158.0,2025,July
ORD100602,2025-07-27,CUST4483,Customer_109,63,Female,Patna,Book,Education,8,46278.59,370228.72,2025,July
ORD100602,2025-02-20,CUST4438,Customer_133,56,Female,Kolkata,Chair,Furniture,2,14770.13,29540.26,2025,February
ORD100602,2025-10-21,CUST9123,Customer_395,27,Female,Mumbai,Rice,Grocery,6,45095.75,270574.5,2025,October
ORD100602,2025-02-20,CUST6314,Customer_66,19,Female,Gaya,Rice,Grocery,4,38952.78,155811.12,2025,February
ORD100612,2025-11-23,CUST8128,Customer_101,48,Male,Kolkata,Laptop,Electronics,5,3414.17,17070.85,2025,November
ORD100612,2025-12-21,CUST8583,Customer_290,37,Female,Delhi,Laptop,Electronics,7,5129.02,35903.14,2025,December
ORD100612,2025-04-09,CUST4488,Customer_414,39,Female,Kolkata,Mobile,Electronics,3,15846.45,47539.35,2025,April
ORD100612,2025-06-01,CUST5178,Customer_170,23,Male,Mumbai,Book,Education,4,27448.01,109792.04,2025,June
ORD100612,2025-05-06,CUST9217,Customer_448,39,Female,Delhi,Book,Education,4,5518.35,22073.4,2025,May
ORD100612,2025-03-26,CUST4150,Customer_415,31,Female,Delhi,Book,Education,9,39988.02,359892.18,2025,March
ORD100612,2025-06-04,CUST1991,Customer_359,41,Female,Kolkata,Book,Education,9,14044.67,126402.03,2025,June
ORD100612,2025-07-14,CUST8124,Customer_344,33,Female,Pune,Shoes,Fashion,2,43693.36,87386.72,2025,July
ORD100612,2025-12-17,CUST6678,Customer_241,41,Male,Kolkata,Rice,Grocery,2,14181.47,28362.94,2025,December
ORD100622,2025-10-11,CUST8268,Customer_18,47,Female,Kolkata,Shoes,Fashion,4,28783.13,115132.52,2025,October
ORD100622,2025-12-25,CUST1835,Customer_81,61,Female,Gaya,Chair,Furniture,2,32432.65,64865.3,2025,December
ORD100622,2025-05-11,CUST3497,Customer_408,57,Male,Patna,Laptop,Electronics,4,29976.58,119906.32,2025,May
ORD100622,2025-06-19,CUST4137,Customer_51,46,Male,Mumbai,Laptop,Electronics,9,27971.17,251740.53,2025,June
ORD100622,2025-11-26,CUST8649,Customer_160,30,Male,Gaya,Rice,Grocery,9,46756.46,420808.14,2025,November
ORD100622,2025-06-13,CUST9567,Customer_218,38,Male,Delhi,Shoes,Fashion,1,33193.9,33193.9,2025,June
ORD100622,2025-05-16,CUST6432,Customer_194,62,Male,Mumbai,Book,Education,1,46021.88,46021.88,2025,May
ORD100632,2025-03-02,CUST1252,Customer_81,24,Male,Pune,Shoes,Fashion,3,37343.19,112029.57,2025,March
ORD100632,2025-07-20,CUST1994,Customer_408,27,Female,Patna,Chair,Furniture,10,14175.96,141759.6,2025,July
ORD100632,2025-03-13,CUST9488,Customer_147,37,Male,Pune,Shoes,Fashion,8,7259.89,58079.12,2025,March
ORD100632,2025-11-20,CUST9421,Customer_213,58,Male,Patna,Chair,Furniture,3,257.28,771.84,2025,November
ORD100632,2025-05-10,CUST4810,Customer_416,18,Male,Kolkata,Shoes,Fashion,4,24291.82,97167.28,2025,May
ORD100632,2025-03-10,CUST1106,Customer_135,31,Male,Patna,Rice,Grocery,2,25919.18,51838.36,2025,March
ORD100632,2025-05-08,CUST3004,Customer_162,46,Female,Pune,Shoes,Fashion,1,3971.35,3971.35,2025,May
ORD100642,2025-10-13,CUST6421,Customer_218,22,Male,Gaya,Laptop,Electronics,5,7739.33,38696.65,2025,October
ORD100642,2025-06-14,CUST6345,Customer_214,32,Female,Delhi,Book,Education,1,34302.92,34302.92,2025,June
ORD100642,2025-10-19,CUST9384,Customer_230,28,Female,Mumbai,Rice,Grocery,1,20626.25,20626.25,2025,October
ORD100642,2025-05-12,CUST9081,Customer_244,63,Female,Mumbai,Laptop,Electronics,9,39545.61,355910.49,2025,May
ORD100642,2025-09-18,CUST6589,Customer_367,30,Male,Kolkata,Chair,Furniture,3,23490.33,70470.99,2025,September
ORD100642,2025-05-04,CUST7844,Customer_469,53,Male,Patna,Chair,Furniture,6,22343.44,134060.64,2025,May
ORD100642,2025-08-29,CUST4673,Customer_386,42,Female,Delhi,Shoes,Fashion,5,16279.37,81396.85,2025,August
ORD100642,2025-12-14,CUST7504,Customer_183,52,Male,Pune,Laptop,Electronics,4,26566.32,106265.28,2025,December
ORD100642,2025-09-09,CUST6921,Customer_68,62,Female,Patna,Mobile,Electronics,6,1867.81,11206.86,2025,September
ORD100642,2025-01-06,CUST4109,Customer_31,53,Female,Delhi,Rice,Grocery,10,22106.78,221067.8,2025,January
ORD100652,2025-01-31,CUST8708,Customer_293,59,Male,Kolkata,Laptop,Electronics,7,27547.81,192834.67,2025,January
ORD100652,2025-02-03,CUST7219,Customer_391,30,Male,Pune,Book,Education,10,22952.77,229527.7,2025,February
ORD100652,2025-04-21,CUST5516,Customer_343,21,Male,Kolkata,Rice,Grocery,6,35222.23,211333.38,2025,April
ORD100652,2025-02-23,CUST9562,Customer_162,39,Male,Mumbai,Chair,Furniture,8,16240.66,129925.28,2025,February
ORD100652,2025-12-01,CUST8110,Customer_268,54,Male,Delhi,Laptop,Electronics,10,10307.48,103074.8,2025,December
ORD100652,2025-10-14,CUST4584,Customer_138,18,Female,Pune,Shoes,Fashion,10,46270.13,462701.3,2025,October
ORD100652,2025-09-02,CUST4537,Customer_9,63,Male,Gaya,Book,Education,5,33524.03,167620.15,2025,September
ORD100662,2025-01-13,CUST5154,Customer_453,20,Male,Mumbai,Book,Education,2,38065.84,76131.68,2025,January
ORD100662,2025-07-20,CUST1673,Customer_103,18,Male,Gaya,Rice,Grocery,5,35120.83,175604.15,2025,July
ORD100662,2025-07-07,CUST7016,Customer_88,33,Female,Pune,Chair,Furniture,6,30775.74,184654.44,2025,July
ORD100662,2025-07-04,CUST2672,Customer_324,27,Female,Pune,Laptop,Electronics,4,47796.53,191186.12,2025,July
ORD100662,2025-12-15,CUST3237,Customer_341,48,Female,Kolkata,Rice,Grocery,7,38583.88,270087.16,2025,December
ORD100662,2025-03-02,CUST2794,Customer_219,39,Male,Mumbai,Laptop,Electronics,6,38368.41,230210.46,2025,March
ORD100672,2025-07-16,CUST1681,Customer_160,60,Male,Delhi,Shoes,Fashion,5,28065.77,140328.85,2025,July
ORD100672,2025-12-22,CUST7863,Customer_316,37,Female,Gaya,Chair,Furniture,8,25269.25,202154.0,2025,December
ORD100672,2025-05-26,CUST2218,Customer_392,57,Male,Delhi,Chair,Furniture,2,31615.64,63231.28,2025,May
ORD100672,2025-01-16,CUST6288,Customer_407,55,Male,Kolkata,Mobile,Electronics,1,17212.99,17212.99,2025,January
ORD100672,2025-12-04,CUST1433,Customer_391,47,Female,Mumbai,Shoes,Fashion,5,21694.12,108470.6,2025,December
ORD100682,2025-07-04,CUST7093,Customer_174,23,Male,Mumbai,Chair,Furniture,5,47401.02,237005.1,2025,July
ORD100682,2025-06-03,CUST3285,Customer_232,30,Female,Mumbai,Mobile,Electronics,8,49052.97,392423.76,2025,June
ORD100682,2025-10-24,CUST6082,Customer_105,53,Female,Mumbai,Laptop,Electronics,7,21599.35,151195.45,2025,October
ORD100682,2025-04-29,CUST2093,Customer_428,38,Female,Mumbai,Laptop,Electronics,5,24358.21,121791.05,2025,April
ORD100682,2025-12-31,CUST9957,Customer_116,29,Female,Pune,Chair,Furniture,6,16639.76,99838.56,2025,December
ORD100682,2025-11-13,CUST3682,Customer_132,56,Female,Kolkata,Book,Education,3,48276.39,144829.17,2025,November
ORD100692,2025-02-07,CUST4110,Customer_73,59,Female,Kolkata,Rice,Grocery,9,40069.01,360621.09,2025,February
ORD100692,2025-08-03,CUST2597,Customer_354,22,Male,Kolkata,Mobile,Electronics,9,31937.15,287434.35,2025,August
ORD100692,2025-02-22,CUST8390,Customer_297,47,Female,Mumbai,Laptop,Electronics,7,40754.69,285282.83,2025,February
ORD100692,2025-12-09,CUST4270,Customer_266,30,Male,Kolkata,Book,Education,10,45877.49,458774.9,2025,December
ORD100692,2025-06-22,CUST3138,Customer_440,30,Female,Mumbai,Rice,Grocery,5,20994.21,104971.05,2025,June
ORD100692,2025-11-30,CUST4602,Customer_150,26,Female,Pune,Chair,Furniture,2,3215.11,6430.22,2025,November
ORD100692,2025-11-11,CUST7631,Customer_115,62,Female,Gaya,Shoes,Fashion,4,26936.34,107745.36,2025,November
ORD100692,2025-04-18,CUST8708,Customer_462,51,Female,Pune,Laptop,Electronics,9,29470.1,265230.9,2025,April
ORD100692,2025-03-04,CUST7317,Customer_70,54,Female,Delhi,Book,Education,4,31076.31,124305.24,2025,March
ORD100692,2025-07-06,CUST2644,Customer_222,24,Male,Pune,Chair,Furniture,4,43864.35,175457.4,2025,July
ORD100702,2025-09-01,CUST3078,Customer_230,22,Male,Gaya,Rice,Grocery,2,38128.32,76256.64,2025,September
ORD100702,2025-07-31,CUST8962,Customer_440,30,Female,Kolkata,Book,Education,9,28222.97,254006.73,2025,July
ORD100702,2025-01-18,CUST7236,Customer_366,38,Male,Gaya,Book,Education,6,21720.56,130323.36,2025,January
ORD100702,2025-08-18,CUST4420,Customer_268,38,Male,Gaya,Chair,Furniture,3,4568.61,13705.83,2025,August
ORD100702,2025-05-14,CUST6621,Customer_104,19,Female,Mumbai,Book,Education,3,11492.49,34477.47,2025,May
ORD100702,2025-05-05,CUST8532,Customer_323,43,Female,Delhi,Chair,Furniture,3,23252.08,69756.24,2025,May
ORD100702,2025-11-19,CUST6658,Customer_274,60,Male,Patna,Book,Education,9,31686.77,285180.93,2025,November
ORD100702,2025-10-06,CUST4742,Customer_177,21,Male,Kolkata,Laptop,Electronics,2,37278.21,74556.42,2025,October
ORD100712,2025-01-07,CUST1175,Customer_472,20,Female,Gaya,Shoes,Fashion,5,22734.66,113673.3,2025,January
ORD100712,2025-05-05,CUST4037,Customer_205,30,Male,Kolkata,Mobile,Electronics,10,47079.86,470798.6,2025,May
ORD100712,2025-01-06,CUST8877,Customer_105,23,Female,Kolkata,Book,Education,2,30201.81,60403.62,2025,January
ORD100712,2025-02-08,CUST6096,Customer_53,51,Female,Patna,Shoes,Fashion,6,32890.28,197341.68,2025,February
ORD100712,2025-02-27,CUST4532,Customer_68,52,Male,Pune,Shoes,Fashion,5,42114.22,210571.1,2025,February
ORD100712,2025-09-13,CUST6697,Customer_137,26,Male,Pune,Chair,Furniture,5,15011.99,75059.95,2025,September
ORD100052,2025-11-06,CUST7824,Customer_190,31,Female,Mumbai,Rice,Grocery,4,42642.59,170570.36,2025,November
ORD100722,2025-09-14,CUST7615,Customer_277,37,Male,Patna,Rice,Grocery,6,27168.79,163012.74,2025,September
ORD100722,2025-08-13,CUST8431,Customer_90,28,Male,Delhi,Rice,Grocery,7,31567.62,220973.34,2025,August
ORD100722,2025-11-28,CUST8657,Customer_495,58,Female,Delhi,Laptop,Electronics,10,44401.64,444016.4,2025,November
ORD100722,2025-01-28,CUST6762,Customer_235,47,Male,Delhi,Rice,Grocery,2,5467.01,10934.02,2025,January
ORD100722,2025-10-10,CUST5477,Customer_249,37,Female,Kolkata,Laptop,Electronics,7,40635.52,284448.64,2025,October
ORD100722,2025-07-06,CUST8338,Customer_90,38,Male,Pune,Shoes,Fashion,7,26916.23,188413.61,2025,July
ORD100722,2025-09-29,CUST3850,Customer_163,27,Female,Kolkata,Chair,Furniture,5,24409.5,122047.5,2025,September
ORD100722,2025-10-11,CUST8017,Customer_371,37,Male,Patna,Chair,Furniture,10,19600.31,196003.1,2025,October
ORD100722,2025-07-30,CUST5295,Customer_223,58,Female,Kolkata,Book,Education,3,40119.65,120358.95,2025,July
ORD100732,2025-01-05,CUST4553,Customer_489,44,Female,Kolkata,Chair,Furniture,5,33187.56,165937.8,2025,January
ORD100732,2025-06-30,CUST1269,Customer_423,22,Female,Gaya,Book,Education,3,26807.04,80421.12,2025,June
ORD100732,2025-02-13,CUST2832,Customer_204,22,Male,Pune,Chair,Furniture,6,27085.46,162512.76,2025,February
ORD100732,2025-03-07,CUST8314,Customer_440,28,Female,Gaya,Chair,Furniture,3,24462.54,73387.62,2025,March
ORD100732,2025-09-23,CUST2793,Customer_462,32,Female,Gaya,Mobile,Electronics,6,19210.66,115263.96,2025,September
ORD100732,2025-02-27,CUST7522,Customer_322,53,Female,Kolkata,Rice,Grocery,5,414.13,2070.65,2025,February
ORD100732,2025-12-29,CUST1987,Customer_35,24,Male,Kolkata,Laptop,Electronics,6,9761.46,58568.76,2025,December
ORD100742,2025-07-13,CUST2589,Customer_426,49,Male,Delhi,Laptop,Electronics,4,21098.23,84392.92,2025,July
ORD100742,2025-09-30,CUST8851,Customer_118,64,Male,Kolkata,Chair,Furniture,2,1876.89,3753.78,2025,September
ORD100742,2025-10-31,CUST4103,Customer_454,33,Male,Pune,Rice,Grocery,7,9084.03,63588.21,2025,October
ORD100742,2025-03-09,CUST2138,Customer_303,42,Female,Gaya,Rice,Grocery,3,45959.58,137878.74,2025,March
ORD100742,2025-09-11,CUST9645,Customer_238,29,Male,Pune,Chair,Furniture,8,8692.39,69539.12,2025,September
ORD100742,2025-11-27,CUST5624,Customer_25,22,Male,Patna,Laptop,Electronics,7,45703.28,319922.96,2025,November
ORD100742,2025-11-13,CUST9518,Customer_192,22,Male,Pune,Mobile,Electronics,4,30973.53,123894.12,2025,November
ORD100742,2025-01-04,CUST9339,Customer_127,55,Male,Patna,Chair,Furniture,5,49147.41,245737.05,2025,January
ORD100742,2025-04-22,CUST9465,Customer_274,57,Male,Gaya,Laptop,Electronics,10,17533.55,175335.5,2025,April
ORD100742,2025-04-23,CUST6348,Customer_412,22,Female,Kolkata,Laptop,Electronics,5,18457.22,92286.1,2025,April
ORD100752,2025-01-11,CUST8058,Customer_273,60,Female,Pune,Book,Education,6,24375.93,146255.58,2025,January
ORD100752,2025-03-12,CUST2921,Customer_420,27,Male,Patna,Shoes,Fashion,4,34969.02,139876.08,2025,March
ORD100752,2025-01-24,CUST2604,Customer_356,40,Male,Kolkata,Mobile,Electronics,5,10274.45,51372.25,2025,January
ORD100752,2025-11-19,CUST9651,Customer_461,60,Female,Delhi,Book,Education,10,24270.17,242701.7,2025,November
ORD100752,2025-12-20,CUST1637,Customer_70,59,Male,Patna,Rice,Grocery,10,2066.93,20669.3,2025,December
ORD100752,2025-05-08,CUST9515,Customer_52,29,Female,Kolkata,Chair,Furniture,10,13304.47,133044.7,2025,May
ORD100752,2025-06-04,CUST6279,Customer_97,21,Female,Kolkata,Mobile,Electronics,10,25698.62,256986.2,2025,June
ORD100762,2025-10-02,CUST3851,Customer_487,59,Male,Delhi,Laptop,Electronics,2,14931.2,29862.4,2025,October
ORD100762,2025-12-07,CUST8729,Customer_72,48,Male,Kolkata,Chair,Furniture,4,40783.14,163132.56,2025,December
ORD100762,2025-05-01,CUST3580,Customer_60,56,Female,Gaya,Laptop,Electronics,5,17824.96,89124.8,2025,May
ORD100762,2025-07-05,CUST8834,Customer_413,61,Female,Mumbai,Rice,Grocery,2,36631.23,73262.46,2025,July
ORD100762,2025-06-24,CUST6815,Customer_295,43,Female,Patna,Chair,Furniture,3,5550.25,16650.75,2025,June
ORD100762,2025-10-10,CUST7600,Customer_208,23,Male,Pune,Laptop,Electronics,1,42736.43,42736.43,2025,October
ORD100772,2025-10-31,CUST5415,Customer_460,29,Female,Delhi,Shoes,Fashion,1,12121.61,12121.61,2025,October
ORD100772,2025-10-16,CUST6752,Customer_52,65,Male,Kolkata,Rice,Grocery,5,11824.36,59121.8,2025,October
ORD100772,2025-10-06,CUST5240,Customer_379,43,Male,Patna,Mobile,Electronics,7,13263.83,92846.81,2025,October
ORD100772,2025-07-09,CUST6116,Customer_343,32,Female,Gaya,Chair,Furniture,10,8630.9,86309.0,2025,July
ORD100772,2025-02-16,CUST3566,Customer_430,45,Female,Patna,Mobile,Electronics,6,29757.58,178545.48,2025,February
ORD100782,2025-07-29,CUST2369,Customer_259,56,Male,Mumbai,Chair,Furniture,3,21435.84,64307.52,2025,July
ORD100782,2025-02-21,CUST3542,Customer_156,51,Male,Patna,Laptop,Electronics,1,47618.43,47618.43,2025,February
ORD100782,2025-12-23,CUST7724,Customer_365,38,Male,Kolkata,Book,Education,4,25110.56,100442.24,2025,December
ORD100782,2025-09-20,CUST5419,Customer_263,65,Female,Patna,Book,Education,9,797.71,7179.39,2025,September
ORD100782,2025-12-11,CUST6571,Customer_156,43,Female,Pune,Chair,Furniture,3,25235.41,75706.23,2025,December
ORD100782,2025-01-18,CUST7650,Customer_453,50,Male,Kolkata,Book,Education,8,43467.0,347736.0,2025,January
ORD100782,2025-06-22,CUST6565,Customer_431,50,Female,Gaya,Book,Education,6,28107.77,168646.62,2025,June
ORD100782,2025-05-04,CUST2969,Customer_287,59,Male,Kolkata,Rice,Grocery,6,39662.1,237972.6,2025,May
ORD100782,2025-07-13,CUST3298,Customer_155,63,Female,Kolkata,Rice,Grocery,5,14533.4,72667.0,2025,July
ORD100792,2025-12-28,CUST3260,Customer_237,55,Male,Mumbai,Book,Education,9,12322.26,110900.34,2025,December
ORD100792,2025-09-03,CUST9962,Customer_161,45,Male,Mumbai,Chair,Furniture,10,18178.32,181783.2,2025,September
ORD100792,2025-12-11,CUST2859,Customer_395,21,Female,Kolkata,Rice,Grocery,4,40391.3,161565.2,2025,December
ORD100792,2025-01-30,CUST2551,Customer_343,19,Male,Patna,Book,Education,5,12334.78,61673.9,2025,January
ORD100792,2025-01-01,CUST6845,Customer_385,57,Female,Mumbai,Shoes,Fashion,9,38573.17,347158.53,2025,January
ORD100792,2025-07-01,CUST5718,Customer_251,62,Female,Kolkata,Shoes,Fashion,4,20118.35,80473.4,2025,July
ORD100792,2025-11-07,CUST8242,Customer_492,51,Male,Mumbai,Rice,Grocery,6,39243.45,235460.7,2025,November
ORD100802,2025-05-10,CUST3297,Customer_465,47,Male,Gaya,Mobile,Electronics,1,40350.67,40350.67,2025,May
ORD100802,2025-11-14,CUST4901,Customer_327,29,Female,Mumbai,Rice,Grocery,1,47545.23,47545.23,2025,November
ORD100802,2025-10-11,CUST3189,Customer_384,30,Female,Kolkata,Book,Education,4,17304.91,69219.64,2025,October
ORD100802,2025-12-11,CUST3690,Customer_413,32,Female,Delhi,Book,Education,6,17079.99,102479.94,2025,December
ORD100802,2025-03-02,CUST9089,Customer_303,50,Female,Gaya,Shoes,Fashion,10,32483.32,324833.2,2025,March
ORD100802,2025-10-05,CUST6442,Customer_10,62,Male,Kolkata,Chair,Furniture,9,47699.69,429297.21,2025,October
ORD100802,2025-06-20,CUST9514,Customer_180,28,Female,Patna,Chair,Furniture,2,23127.63,46255.26,2025,June
ORD100812,2025-01-04,CUST6719,Customer_394,30,Female,Patna,Book,Education,3,15090.15,45270.45,2025,January
ORD100812,2025-01-31,CUST4941,Customer_457,50,Female,Mumbai,Chair,Furniture,2,30197.53,60395.06,2025,January
ORD100812,2025-05-14,CUST5851,Customer_418,50,Male,Patna,Mobile,Electronics,2,41544.45,83088.9,2025,May
ORD100812,2025-09-08,CUST6336,Customer_63,52,Male,Delhi,Mobile,Electronics,1,26771.99,26771.99,2025,September
ORD100812,2025-06-04,CUST1960,Customer_367,44,Male,Kolkata,Rice,Grocery,9,31690.41,285213.69,2025,June
ORD100812,2025-03-29,CUST6933,Customer_224,23,Female,Patna,Rice,Grocery,6,20913.85,125483.1,2025,March
ORD100812,2025-12-09,CUST8754,Customer_77,28,Male,Kolkata,Mobile,Electronics,8,21646.64,173173.12,2025,December
ORD100822,2025-06-16,CUST4979,Customer_273,45,Male,Mumbai,Book,Education,3,17152.2,51456.6,2025,June
ORD100822,2025-09-15,CUST6340,Customer_125,37,Female,Gaya,Rice,Grocery,1,21368.29,21368.29,2025,September
ORD100822,2025-03-30,CUST8199,Customer_39,64,Female,Gaya,Chair,Furniture,4,2716.24,10864.96,2025,March
ORD100822,2025-06-19,CUST6162,Customer_165,42,Male,Mumbai,Laptop,Electronics,1,31849.44,31849.44,2025,June
ORD100822,2025-11-03,CUST6944,Customer_460,33,Male,Gaya,Book,Education,4,8685.69,34742.76,2025,November
ORD100822,2025-02-27,CUST8319,Customer_362,44,Male,Delhi,Rice,Grocery,2,49685.64,99371.28,2025,February
ORD100832,2025-04-10,CUST6540,Customer_230,19,Male,Kolkata,Shoes,Fashion,8,10921.12,87368.96,2025,April
ORD100832,2025-01-09,CUST8453,Customer_68,53,Female,Patna,Laptop,Electronics,3,33896.35,101689.05,2025,January
ORD100832,2025-08-16,CUST5605,Customer_23,30,Female,Kolkata,Shoes,Fashion,4,31512.79,126051.16,2025,August
ORD100832,2025-11-05,CUST8704,Customer_440,20,Female,Kolkata,Mobile,Electronics,6,17944.07,107664.42,2025,November
ORD100832,2025-12-03,CUST3264,Customer_227,51,Female,Gaya,Mobile,Electronics,3,14145.7,42437.1,2025,December
ORD100832,2025-03-21,CUST9364,Customer_352,62,Female,Gaya,Book,Education,3,33186.38,99559.14,2025,March
ORD100832,2025-06-10,CUST3366,Customer_47,23,Male,Patna,Mobile,Electronics,5,24537.11,122685.55,2025,June
ORD100832,2025-09-05,CUST6067,Customer_499,26,Male,Kolkata,Mobile,Electronics,4,7989.47,31957.88,2025,September
ORD100832,2025-11-27,CUST5389,Customer_362,44,Female,Mumbai,Shoes,Fashion,6,9784.56,58707.36,2025,November
ORD100052,2025-08-03,CUST5585,Customer_289,35,Male,Kolkata,Chair,Furniture,9,28747.47,258727.23,2025,August
ORD100842,2025-04-16,CUST7544,Customer_225,26,Male,Mumbai,Book,Education,10,35093.39,350933.9,2025,April
ORD100842,2025-11-06,CUST8217,Customer_83,43,Female,Delhi,Book,Education,3,22843.06,68529.18,2025,November
ORD100842,2025-08-22,CUST9804,Customer_284,32,Male,Patna,Mobile,Electronics,5,45283.42,226417.1,2025,August
ORD100842,2025-11-07,CUST5876,Customer_389,42,Female,Patna,Mobile,Electronics,6,37149.97,222899.82,2025,November
ORD100842,2025-09-29,CUST1026,Customer_445,65,Female,Kolkata,Book,Education,7,23566.47,164965.29,2025,September
ORD100842,2025-11-08,CUST5432,Customer_163,57,Male,Patna,Shoes,Fashion,10,1557.12,15571.2,2025,November
ORD100842,2025-03-28,CUST8575,Customer_481,21,Male,Patna,Book,Education,1,38929.37,38929.37,2025,March
ORD100852,2025-06-29,CUST4431,Customer_177,19,Male,Gaya,Chair,Furniture,10,3051.95,30519.5,2025,June
ORD100852,2025-06-01,CUST3744,Customer_2,20,Female,Mumbai,Shoes,Fashion,3,31063.57,93190.71,2025,June
ORD100852,2025-03-17,CUST1962,Customer_116,23,Male,Delhi,Rice,Grocery,10,5580.23,55802.3,2025,March
ORD100852,2025-06-25,CUST7787,Customer_139,40,Male,Pune,Book,Education,8,35859.94,286879.52,2025,June
ORD100852,2025-05-19,CUST3679,Customer_242,48,Male,Patna,Shoes,Fashion,5,47893.0,239465.0,2025,May
ORD100852,2025-09-18,CUST4973,Customer_443,24,Male,Kolkata,Shoes,Fashion,1,42500.65,42500.65,2025,September
ORD100852,2025-12-20,CUST7578,Customer_245,38,Female,Delhi,Rice,Grocery,8,7543.31,60346.48,2025,December
ORD100862,2025-07-10,CUST3430,Customer_184,51,Female,Kolkata,Mobile,Electronics,6,35959.07,215754.42,2025,July
ORD100862,2025-10-15,CUST9817,Customer_388,45,Male,Patna,Mobile,Electronics,7,9471.49,66300.43,2025,October
ORD100862,2025-09-28,CUST7072,Customer_4,62,Female,Gaya,Shoes,Fashion,8,26327.39,210619.12,2025,September
ORD100862,2025-05-10,CUST9510,Customer_15,63,Female,Delhi,Chair,Furniture,9,48313.36,434820.24,2025,May
ORD100862,2025-11-20,CUST3327,Customer_94,19,Female,Pune,Laptop,Electronics,2,45217.92,90435.84,2025,November
ORD100862,2025-07-20,CUST2202,Customer_26,26,Female,Patna,Chair,Furniture,2,40130.21,80260.42,2025,July
ORD100862,2025-06-14,CUST4888,Customer_13,38,Male,Pune,Shoes,Fashion,5,8055.03,40275.15,2025,June
ORD100862,2025-12-21,CUST4996,Customer_184,64,Male,Delhi,Book,Education,4,28263.33,113053.32,2025,December
ORD100872,2025-09-12,CUST4112,Customer_71,33,Female,Kolkata,Shoes,Fashion,4,12941.53,51766.12,2025,September
ORD100872,2025-03-16,CUST1442,Customer_371,22,Female,Pune,Book,Education,1,27918.98,27918.98,2025,March
ORD100872,2025-12-23,CUST2757,Customer_366,55,Male,Patna,Mobile,Electronics,3,21349.35,64048.05,2025,December
ORD100872,2025-11-18,CUST5319,Customer_129,35,Female,Mumbai,Mobile,Electronics,5,27648.52,138242.6,2025,November
ORD100872,2025-10-12,CUST7317,Customer_304,25,Male,Delhi,Chair,Furniture,6,2417.66,14505.96,2025,October
ORD100872,2025-11-30,CUST7473,Customer_372,36,Female,Mumbai,Rice,Grocery,5,40104.71,200523.55,2025,November
ORD100872,2025-11-25,CUST7091,Customer_1,48,Female,Mumbai,Rice,Grocery,10,23757.31,237573.1,2025,November
ORD100882,2025-10-08,CUST1691,Customer_177,55,Male,Mumbai,Mobile,Electronics,2,7104.93,14209.86,2025,October
ORD100882,2025-06-27,CUST9404,Customer_463,19,Female,Gaya,Book,Education,2,35430.53,70861.06,2025,June
ORD100882,2025-06-03,CUST1779,Customer_378,65,Female,Delhi,Shoes,Fashion,10,16661.37,166613.7,2025,June
ORD100882,2025-03-07,CUST4651,Customer_359,54,Male,Kolkata,Mobile,Electronics,7,14207.04,99449.28,2025,March
ORD100882,2025-05-07,CUST9027,Customer_153,43,Female,Mumbai,Shoes,Fashion,8,3220.99,25767.92,2025,May
ORD100882,2025-08-12,CUST1396,Customer_479,34,Male,Pune,Chair,Furniture,1,21572.48,21572.48,2025,August
ORD100882,2025-01-15,CUST9132,Customer_210,21,Female,Pune,Rice,Grocery,8,38808.88,310471.04,2025,January
ORD100882,2025-11-26,CUST4926,Customer_102,45,Male,Delhi,Book,Education,2,6525.25,13050.5,2025,November
ORD100882,2025-03-25,CUST3987,Customer_126,55,Female,Pune,Rice,Grocery,9,36721.83,330496.47,2025,March
ORD100892,2025-08-30,CUST5136,Customer_257,30,Male,Mumbai,Rice,Grocery,1,16506.48,16506.48,2025,August
ORD100892,2025-02-11,CUST8849,Customer_380,19,Female,Patna,Book,Education,4,45273.26,181093.04,2025,February
ORD100892,2025-04-26,CUST3603,Customer_448,56,Female,Delhi,Rice,Grocery,1,15061.67,15061.67,2025,April
ORD100892,2025-05-18,CUST4073,Customer_353,25,Female,Pune,Shoes,Fashion,3,30814.91,92444.73,2025,May
ORD100892,2025-10-20,CUST5762,Customer_404,20,Female,Mumbai,Book,Education,1,31247.14,31247.14,2025,October
ORD100892,2025-11-05,CUST1611,Customer_451,49,Male,Patna,Rice,Grocery,3,15350.0,46050.0,2025,November
ORD100892,2025-06-07,CUST1806,Customer_354,58,Male,Patna,Chair,Furniture,9,7148.05,64332.45,2025,June
ORD100892,2025-11-02,CUST4730,Customer_484,20,Female,Patna,Laptop,Electronics,8,25411.08,203288.64,2025,November
ORD100892,2025-12-15,CUST7164,Customer_251,64,Male,Pune,Shoes,Fashion,10,28254.51,282545.1,2025,December
ORD100902,2025-11-19,CUST6881,Customer_158,41,Female,Delhi,Laptop,Electronics,7,42494.73,297463.11,2025,November
ORD100902,2025-11-12,CUST3438,Customer_98,56,Male,Patna,Shoes,Fashion,6,24739.29,148435.74,2025,November
ORD100902,2025-03-25,CUST1890,Customer_277,21,Male,Gaya,Chair,Furniture,3,43166.95,129500.85,2025,March
ORD100902,2025-01-11,CUST9994,Customer_13,49,Male,Delhi,Chair,Furniture,6,43613.07,261678.42,2025,January
ORD100902,2025-01-19,CUST4977,Customer_359,33,Male,Mumbai,Chair,Furniture,5,40193.89,200969.45,2025,January
ORD100902,2025-08-13,CUST1759,Customer_71,64,Female,Delhi,Laptop,Electronics,5,21830.06,109150.3,2025,August
ORD100912,2025-06-06,CUST6309,Customer_345,55,Female,Mumbai,Rice,Grocery,2,30743.1,61486.2,2025,June
ORD100912,2025-02-10,CUST2384,Customer_365,49,Male,Gaya,Laptop,Electronics,3,10131.58,30394.74,2025,February
ORD100912,2025-05-04,CUST5025,Customer_159,28,Female,Patna,Book,Education,1,20875.52,20875.52,2025,May
ORD100912,2025-07-28,CUST5363,Customer_86,22,Female,Pune,Shoes,Fashion,3,43152.69,129458.07,2025,July
ORD100912,2025-02-27,CUST7186,Customer_150,36,Female,Mumbai,Shoes,Fashion,1,10625.65,10625.65,2025,February
ORD100912,2025-04-03,CUST2804,Customer_115,32,Female,Pune,Mobile,Electronics,3,30169.38,90508.14,2025,April
ORD100912,2025-11-06,CUST1997,Customer_219,29,Female,Patna,Mobile,Electronics,2,29914.46,59828.92,2025,November
ORD100912,2025-11-19,CUST7609,Customer_327,41,Female,Pune,Shoes,Fashion,5,30991.63,154958.15,2025,November
ORD100922,2025-05-06,CUST6414,Customer_82,30,Male,Delhi,Mobile,Electronics,6,10404.98,62429.88,2025,May
ORD100922,2025-10-08,CUST4106,Customer_226,33,Male,Gaya,Rice,Grocery,7,42785.56,299498.92,2025,October
ORD100922,2025-06-10,CUST9299,Customer_13,62,Female,Delhi,Mobile,Electronics,6,35834.15,215004.9,2025,June
ORD100922,2025-12-24,CUST5160,Customer_144,52,Female,Delhi,Book,Education,3,653.97,1961.91,2025,December
ORD100922,2025-01-31,CUST2260,Customer_325,54,Male,Kolkata,Mobile,Electronics,3,3846.65,11539.95,2025,January
ORD100922,2025-08-29,CUST7405,Customer_15,57,Male,Mumbai,Shoes,Fashion,4,39917.24,159668.96,2025,August
ORD100932,2025-12-07,CUST4565,Customer_359,65,Female,Delhi,Rice,Grocery,1,23886.69,23886.69,2025,December
ORD100932,2025-08-04,CUST4077,Customer_138,50,Male,Mumbai,Laptop,Electronics,4,27478.45,109913.8,2025,August
ORD100932,2025-04-02,CUST6407,Customer_107,63,Male,Kolkata,Shoes,Fashion,8,35023.64,280189.12,2025,April
ORD100932,2025-11-01,CUST2025,Customer_239,37,Female,Delhi,Chair,Furniture,2,49387.2,98774.4,2025,November
ORD100932,2025-11-10,CUST1122,Customer_447,65,Female,Kolkata,Rice,Grocery,4,30607.95,122431.8,2025,November
ORD100932,2025-10-22,CUST1997,Customer_437,40,Male,Patna,Chair,Furniture,10,7627.77,76277.7,2025,October
ORD100932,2025-09-28,CUST9287,Customer_420,30,Male,Pune,Shoes,Fashion,3,44146.06,132438.18,2025,September
ORD100942,2025-06-11,CUST9493,Customer_34,35,Male,Gaya,Laptop,Electronics,10,12754.35,127543.5,2025,June
ORD100942,2025-07-27,CUST2586,Customer_386,64,Male,Pune,Laptop,Electronics,5,16990.85,84954.25,2025,July
ORD100942,2025-07-13,CUST3499,Customer_139,20,Male,Mumbai,Chair,Furniture,2,20191.53,40383.06,2025,July
ORD100942,2025-08-12,CUST7718,Customer_293,26,Male,Delhi,Mobile,Electronics,8,46866.95,374935.6,2025,August
ORD100942,2025-05-17,CUST8381,Customer_112,40,Male,Kolkata,Book,Education,10,47314.42,473144.2,2025,May
ORD100952,2025-05-17,CUST2403,Customer_258,22,Male,Pune,Mobile,Electronics,8,29747.29,237978.32,2025,May
ORD100952,2025-02-13,CUST1357,Customer_361,48,Male,Delhi,Shoes,Fashion,8,24450.18,195601.44,2025,February
ORD100952,2025-04-16,CUST4337,Customer_269,53,Female,Kolkata,Mobile,Electronics,4,13994.12,55976.48,2025,April
ORD100952,2025-08-11,CUST9175,Customer_441,36,Male,Mumbai,Shoes,Fashion,9,23583.66,212252.94,2025,August
ORD100952,2025-12-10,CUST9009,Customer_424,43,Male,Mumbai,Mobile,Electronics,3,25618.42,76855.26,2025,December
ORD100952,2025-04-10,CUST3759,Customer_313,65,Female,Mumbai,Rice,Grocery,9,33475.97,301283.73,2025,April
ORD100952,2025-01-09,CUST9966,Customer_455,46,Female,Kolkata,Rice,Grocery,5,29215.06,146075.3,2025,January
ORD100962,2025-10-31,CUST6311,Customer_257,65,Female,Mumbai,Book,Education,9,33480.07,301320.63,2025,October
ORD100962,2025-04-20,CUST8525,Customer_126,40,Female,Gaya,Shoes,Fashion,10,8532.9,85329.0,2025,April
ORD100962,2025-12-09,CUST9285,Customer_452,49,Female,Gaya,Laptop,Electronics,7,31899.76,223298.32,2025,December
ORD100962,2025-09-02,CUST5726,Customer_192,20,Male,Pune,Mobile,Electronics,2,39578.6,79157.2,2025,September
ORD100962,2025-05-13,CUST7238,Customer_335,54,Female,Delhi,Mobile,Electronics,8,35028.53,280228.24,2025,May
ORD100962,2025-02-15,CUST7185,Customer_285,61,Female,Delhi,Chair,Furniture,3,32751.77,98255.31,2025,February
ORD100962,2025-07-21,CUST7757,Customer_494,58,Male,Mumbai,Laptop,Electronics,9,24421.73,219795.57,2025,July
ORD100972,2025-02-22,CUST6987,Customer_107,31,Female,Gaya,Rice,Grocery,1,6976.56,6976.56,2025,February
ORD100972,2025-09-05,CUST5829,Customer_37,32,Male,Delhi,Book,Education,4,9989.04,39956.16,2025,September
ORD100972,2025-07-28,CUST4869,Customer_392,37,Male,Kolkata,Laptop,Electronics,10,48566.78,485667.8,2025,July
ORD100972,2025-05-29,CUST5338,Customer_269,22,Female,Patna,Shoes,Fashion,3,46910.35,140731.05,2025,May
ORD100972,2025-10-16,CUST5373,Customer_256,24,Male,Delhi,Shoes,Fashion,1,25737.43,25737.43,2025,October
ORD100982,2025-11-22,CUST1159,Customer_492,30,Male,Pune,Laptop,Electronics,5,16513.54,82567.7,2025,November
ORD100982,2025-09-03,CUST6511,Customer_15,54,Male,Mumbai,Shoes,Fashion,3,18013.26,54039.78,2025,September
ORD100982,2025-11-07,CUST2836,Customer_434,46,Female,Patna,Shoes,Fashion,4,36188.72,144754.88,2025,November
ORD100982,2025-05-19,CUST3730,Customer_397,58,Female,Gaya,Chair,Furniture,3,33517.79,100553.37,2025,May
ORD100982,2025-03-16,CUST1603,Customer_434,37,Female,Mumbai,Mobile,Electronics,4,34140.07,136560.28,2025,March
ORD100982,2025-12-16,CUST9871,Customer_187,27,Female,Pune,Mobile,Electronics,2,17345.15,34690.3,2025,December
ORD100982,2025-10-18,CUST2418,Customer_425,57,Male,Gaya,Chair,Furniture,2,46527.93,93055.86,2025,October
ORD100992,2025-04-14,CUST2126,Customer_385,34,Male,Patna,Rice,Grocery,1,21819.5,21819.5,2025,April
ORD100992,2025-08-20,CUST6389,Customer_484,27,Male,Kolkata,Chair,Furniture,9,34835.55,313519.95,2025,August
ORD100992,2025-06-16,CUST9381,Customer_10,52,Male,Patna,Book,Education,8,44625.98,357007.84,2025,June
ORD100992,2025-07-11,CUST2967,Customer_483,52,Female,Mumbai,Chair,Furniture,5,7279.34,36396.7,2025,July
ORD100992,2025-07-30,CUST9092,Customer_97,64,Male,Mumbai,Chair,Furniture,1,37930.19,37930.19,2025,July
ORD100992,2025-06-12,CUST9351,Customer_352,36,Male,Pune,Book,Education,9,44322.64,398903.76,2025,June
ORD100992,2025-11-07,CUST6410,Customer_301,61,Male,Gaya,Laptop,Electronics,9,35405.54,318649.86,2025,November
ORD100992,2025-09-03,CUST7618,Customer_154,25,Male,Gaya,Shoes,Fashion,5,18454.65,92273.25,2025,September
ORD101002,2025-04-23,CUST2714,Customer_98,58,Female,Gaya,Chair,Furniture,9,22493.87,202444.83,2025,April
